INSERT INTO public."role" (id,"name","level",display_name,suite_access_name,group_name,created_by,updated_by,app_types) VALUES
	 (1,'SUPER_USER',NULL,'Super user','admin','SPICE',0,0,'{COMMUNITY}'),
     (2,'JOB_USER',NULL,'Job user','job','SPICE',0,0,'{COMMUNITY}'),
	 (3,'CHW',NULL,'Community Health Worker','mob','SPICE',0,0,'{COMMUNITY}'),
	 (4,'PEER_SUPERVISOR',NULL,'Peer Supervisor','mob','SPICE',0,0,'{COMMUNITY}'),
	 (5,'SUPER_ADMIN',NULL,'Super Admin','admin','SPICE',0,0,'{COMMUNITY}'),
	 (6,'HEALTH_FACILITY_ADMIN',NULL,'Health Facility Admin','admin','SPICE',0,0,'{COMMUNITY}'),
	 (7,'SECHN',NULL,'State Enrolled Community Health Nurse ','mob','SPICE',0,0,'{COMMUNITY}'),
	 (8,'MCHA',NULL,'Maternity Community Health Assistant ','mob','SPICE',0,0,'{COMMUNITY}'),
	 (9,'PROVIDER',NULL,'Community Health Officer','mob','SPICE',0,0,'{COMMUNITY}'),
	 (10,'CHA',NULL,'Community Health Assistant ','mob','SPICE',0,0,'{COMMUNITY}');
INSERT INTO public."role" (id, "name","level",display_name,suite_access_name,group_name,created_by,updated_by,app_types) VALUES
	 (11,'MID_WIFE',NULL,'Mid Wife','mob','SPICE',0,0,'{COMMUNITY}'),
	 (12,'LAB_ASSISTANT',NULL,'Lab assistant','mob','SPICE',0,0,'{COMMUNITY}'),
	 (13,'SRN',NULL,'State Registred Nurse','mob','SPICE',0,0,'{COMMUNITY}');

INSERT INTO organization (name, form_name, form_data_id,created_by,updated_by) VALUES('Sierra Leone', 'country', 1, 0, 0);

INSERT INTO country(name, region_code, phone_number_code, tenant_id,created_by,updated_by, app_types, display_values)  VALUES('Sierra Leone', '', '232', 1,0,0,'{COMMUNITY}', '{"region":{"p":"Regions","s":"Region"},"chiefdom":{"p":"Sub Counties","s":"Sub County"},"district":{"p":"Counties","s":"County"},"healthFacility":{"p":"Health Facilities","s":"Health Facility"}}');

INSERT INTO public.api_role_permission ("method",api,roles,service_name,"type",created_by,updated_by) VALUES
	 ('GET','/health-check',NULL,'SPICE_SERVICE','OPEN_URI',0,0),
	 ('GET','/health-check',NULL,'ADMIN_SERVICE','OPEN_URI',0,0),
	 ('POST','/user/reset-password',NULL,'USER_SERVICE','OPEN_URI',0,0),
	 ('GET','/swagger-ui/',NULL,'USER_SERVICE','OPEN_URI',0,0),
	 ('POST','/district/deactivate-list','{SUPER_ADMIN,REGION_ADMIN,DISTRICT_ADMIN,CHIEFDOM_ADMIN,HEALTH_FACILITY_ADMIN}','ADMIN_SERVICE','API_PERMISSION',0,0),
	 ('GET','/swagger-ui/',NULL,'ADMIN_SERVICE','OPEN_URI',0,0),
	 ('GET','/swagger-ui/',NULL,'SPICE_SERVICE','OPEN_URI',0,0),
	 ('GET','/swagger-ui/',NULL,'FHIR_MAPPER_SERVICE','OPEN_URI',0,0),
	 ('GET','/swagger-ui/',NULL,'OFFLINE_SERVICE','OPEN_URI',0,0),
	 ('POST','/cultures','{SUPER_ADMIN,REGION_ADMIN,DISTRICT_ADMIN,CHIEFDOM_ADMIN,HEALTH_FACILITY_ADMIN}','ADMIN_SERVICE','API_PERMISSION',0,0);
INSERT INTO public.api_role_permission ("method",api,roles,service_name,"type",created_by,updated_by) VALUES
	 ('GET','/swagger-ui/',NULL,'NOTIFICATION_SERVICE','OPEN_URI',0,0),
	 ('GET','/health-check',NULL,'AUTH_SERVICE','OPEN_URI',0,0),
	 ('POST','/region/upload-file','{SUPER_ADMIN}','ADMIN_SERVICE','API_PERMISSION',0,0),
	 ('GET','/v3/api-docs',NULL,'USER_SERVICE','OPEN_URI',0,0),
	 ('GET','/v3/api-docs',NULL,'ADMIN_SERVICE','OPEN_URI',0,0),
	 ('GET','/v3/api-docs',NULL,'SPICE_SERVICE','OPEN_URI',0,0),
	 ('GET','/v3/api-docs',NULL,'FHIR_MAPPER_SERVICE','OPEN_URI',0,0),
	 ('GET','/v3/api-docs',NULL,'OFFLINE_SERVICE','OPEN_URI',0,0),
	 ('POST','/email/create',NULL,'NOTIFICATION_SERVICE','OPEN_URI',0,0),
	 ('GET','/v3/api-docs',NULL,'NOTIFICATION_SERVICE','OPEN_URI',0,0);
INSERT INTO public.api_role_permission ("method",api,roles,service_name,"type",created_by,updated_by) VALUES
	 ('GET','/favicon.ico',NULL,'USER_SERVICE','OPEN_URI',0,0),
	 ('GET','/favicon.ico',NULL,'ADMIN_SERVICE','OPEN_URI',0,0),
	 ('GET','/favicon.ico',NULL,'SPICE_SERVICE','OPEN_URI',0,0),
	 ('GET','/favicon.ico',NULL,'FHIR_MAPPER_SERVICE','OPEN_URI',0,0),
	 ('GET','/favicon.ico',NULL,'OFFLINE_SERVICE','OPEN_URI',0,0),
	 ('POST','/sms/save-outboundsms',NULL,'NOTIFICATION_SERVICE','OPEN_URI',0,0),
	 ('GET','/favicon.ico',NULL,'NOTIFICATION_SERVICE','OPEN_URI',0,0),
	 ('POST','/forgot-password',NULL,'USER_SERVICE','OPEN_URI',0,0),
	 ('POST','/reset-password',NULL,'USER_SERVICE','OPEN_URI',0,0),
	 ('POST','/verify-token',NULL,'USER_SERVICE','OPEN_URI',0,0);
INSERT INTO public.api_role_permission ("method",api,roles,service_name,"type",created_by,updated_by) VALUES
	 ('GET','/user/reset-password/sms',NULL,'USER_SERVICE','OPEN_URI',0,0),
	 ('GET','/health-check',NULL,'CFR_SERVICE','OPEN_URI',0,0),
	 ('POST','/user/forgot-password',NULL,'USER_SERVICE','OPEN_URI',0,0),
	 ('GET','/swagger-ui/',NULL,'CFR_SERVICE','OPEN_URI',0,0),
	 ('GET','/favicon.ico',NULL,'CFR_SERVICE','OPEN_URI',0,0),
	 ('POST','/healthfacility/details','{CHW,PEER_SUPERVISOR,SUPER_ADMIN,HEALTH_FACILITY_ADMIN,SECHN,MCHA,PROVIDER,CHA,MID_WIFE,LAB_ASSISTANT,SRN,FACILITY_REPORT_ADMIN,REPORT_ADMIN}','ADMIN_SERVICE','API_PERMISSION',0,0),
	 ('POST','/healthfacility/details-by-fhir-id','{CHW,PEER_SUPERVISOR,SUPER_ADMIN,HEALTH_FACILITY_ADMIN,SECHN,MCHA,PROVIDER,CHA,MID_WIFE,LAB_ASSISTANT,SRN,FACILITY_REPORT_ADMIN,REPORT_ADMIN}','ADMIN_SERVICE','API_PERMISSION',0,0),
	 ('POST','/healthfacility/user-add','{CHW,PEER_SUPERVISOR,SUPER_ADMIN,HEALTH_FACILITY_ADMIN,SECHN,MCHA,PROVIDER,CHA,MID_WIFE,LAB_ASSISTANT,SRN,FACILITY_REPORT_ADMIN,REPORT_ADMIN}','ADMIN_SERVICE','API_PERMISSION',0,0),
	 ('PUT','/healthfacility/user-update','{CHW,PEER_SUPERVISOR,SUPER_ADMIN,HEALTH_FACILITY_ADMIN,SECHN,MCHA,PROVIDER,CHA,MID_WIFE,LAB_ASSISTANT,SRN,FACILITY_REPORT_ADMIN,REPORT_ADMIN}','ADMIN_SERVICE','API_PERMISSION',0,0),
	 ('GET','/v3/api-docs',NULL,'CFR_SERVICE','OPEN_URI',0,0);
INSERT INTO public.api_role_permission ("method",api,roles,service_name,"type",created_by,updated_by) VALUES
	 ('POST','/country/create','{CHW,PEER_SUPERVISOR,SUPER_ADMIN,HEALTH_FACILITY_ADMIN,SECHN,MCHA,PROVIDER,CHA,MID_WIFE,LAB_ASSISTANT,SRN,FACILITY_REPORT_ADMIN,REPORT_ADMIN}','ADMIN_SERVICE','API_PERMISSION',0,0),
	 ('PUT','/country/update','{CHW,PEER_SUPERVISOR,SUPER_ADMIN,HEALTH_FACILITY_ADMIN,SECHN,MCHA,PROVIDER,CHA,MID_WIFE,LAB_ASSISTANT,SRN,FACILITY_REPORT_ADMIN,REPORT_ADMIN}','ADMIN_SERVICE','API_PERMISSION',0,0),
	 ('POST','/country/details','{CHW,PEER_SUPERVISOR,SUPER_ADMIN,HEALTH_FACILITY_ADMIN,SECHN,MCHA,PROVIDER,CHA,MID_WIFE,LAB_ASSISTANT,SRN,FACILITY_REPORT_ADMIN,REPORT_ADMIN}','ADMIN_SERVICE','API_PERMISSION',0,0),
	 ('POST','/country/user-add','{CHW,PEER_SUPERVISOR,SUPER_ADMIN,HEALTH_FACILITY_ADMIN,SECHN,MCHA,PROVIDER,CHA,MID_WIFE,LAB_ASSISTANT,SRN,FACILITY_REPORT_ADMIN,REPORT_ADMIN}','ADMIN_SERVICE','API_PERMISSION',0,0),
	 ('PUT','/country/user-update','{CHW,PEER_SUPERVISOR,SUPER_ADMIN,HEALTH_FACILITY_ADMIN,SECHN,MCHA,PROVIDER,CHA,MID_WIFE,LAB_ASSISTANT,SRN,FACILITY_REPORT_ADMIN,REPORT_ADMIN}','ADMIN_SERVICE','API_PERMISSION',0,0),
	 ('DELETE','/country/user-remove','{CHW,PEER_SUPERVISOR,SUPER_ADMIN,HEALTH_FACILITY_ADMIN,SECHN,MCHA,PROVIDER,CHA,MID_WIFE,LAB_ASSISTANT,SRN,FACILITY_REPORT_ADMIN,REPORT_ADMIN}','ADMIN_SERVICE','API_PERMISSION',0,0),
	 ('POST','/healthfacility/create','{CHW,PEER_SUPERVISOR,SUPER_ADMIN,HEALTH_FACILITY_ADMIN,SECHN,MCHA,PROVIDER,CHA,MID_WIFE,LAB_ASSISTANT,SRN,FACILITY_REPORT_ADMIN,REPORT_ADMIN}','ADMIN_SERVICE','API_PERMISSION',0,0),
	 ('PUT','/healthfacility/update','{CHW,PEER_SUPERVISOR,SUPER_ADMIN,HEALTH_FACILITY_ADMIN,SECHN,MCHA,PROVIDER,CHA,MID_WIFE,LAB_ASSISTANT,SRN,FACILITY_REPORT_ADMIN,REPORT_ADMIN}','ADMIN_SERVICE','API_PERMISSION',0,0),
	 ('POST','/healthfacility/list','{CHW,PEER_SUPERVISOR,SUPER_ADMIN,HEALTH_FACILITY_ADMIN,SECHN,MCHA,PROVIDER,CHA,MID_WIFE,LAB_ASSISTANT,SRN,FACILITY_REPORT_ADMIN,REPORT_ADMIN}','ADMIN_SERVICE','API_PERMISSION',0,0),
	 ('POST','/health-facility/cfr-list','{CHW,PEER_SUPERVISOR,SUPER_ADMIN,HEALTH_FACILITY_ADMIN,SECHN,MCHA,PROVIDER,CHA,MID_WIFE,LAB_ASSISTANT,SRN,FACILITY_REPORT_ADMIN,REPORT_ADMIN}','ADMIN_SERVICE','API_PERMISSION',0,0);
INSERT INTO public.api_role_permission ("method",api,roles,service_name,"type",created_by,updated_by) VALUES
	 ('PST','/healthfacilities-by-district-id','{CHW,PEER_SUPERVISOR,SUPER_ADMIN,HEALTH_FACILITY_ADMIN,SECHN,MCHA,PROVIDER,CHA,MID_WIFE,LAB_ASSISTANT,SRN,FACILITY_REPORT_ADMIN,REPORT_ADMIN}','ADMIN_SERVICE','API_PERMISSION',0,0),
	 ('POST','/district/district-list','{SUPER_ADMIN,REGION_ADMIN,DISTRICT_ADMIN,CHIEFDOM_ADMIN,HEALTH_FACILITY_ADMIN}','ADMIN_SERVICE','API_PERMISSION',0,0),
	 ('POST','/locked-users','{SUPER_ADMIN,REGION_ADMIN,DISTRICT_ADMIN,CHIEFDOM_ADMIN,HEALTH_FACILITY_ADMIN}','USER_SERVICE','API_PERMISSION',0,0),
	 ('POST','/user/users/activate-deactivate','{SUPER_ADMIN,REGION_ADMIN,DISTRICT_ADMIN,CHIEFDOM_ADMIN,HEALTH_FACILITY_ADMIN}','FHIR_SERVICE','API_PERMISSION',0,0),
	 ('POST','/organization/create-district','{SUPER_ADMIN,REGION_ADMIN,DISTRICT_ADMIN,CHIEFDOM_ADMIN,HEALTH_FACILITY_ADMIN}','USER_SERVICE','API_PERMISSION',0,0),
	 ('POST','/district/list','{SUPER_ADMIN,REGION_ADMIN,DISTRICT_ADMIN}','ADMIN_SERVICE','API_PERMISSION',0,0),
	 ('POST','/district/details','{SUPER_ADMIN,REGION_ADMIN,DISTRICT_ADMIN,CHIEFDOM_ADMIN,HEALTH_FACILITY_ADMIN}','ADMIN_SERVICE','API_PERMISSION',0,0),
	 ('POST','/district/update','{SUPER_ADMIN,REGION_ADMIN,DISTRICT_ADMIN,CHIEFDOM_ADMIN,HEALTH_FACILITY_ADMIN}','ADMIN_SERVICE','API_PERMISSION',0,0),
	 ('POST','/district/create','{SUPER_ADMIN,REGION_ADMIN,DISTRICT_ADMIN,CHIEFDOM_ADMIN,HEALTH_FACILITY_ADMIN}','ADMIN_SERVICE','API_PERMISSION',0,0),
	 ('POST','/district/deactivate','{SUPER_ADMIN,REGION_ADMIN,DISTRICT_ADMIN,CHIEFDOM_ADMIN,HEALTH_FACILITY_ADMIN}','ADMIN_SERVICE','API_PERMISSION',0,0);
INSERT INTO public.api_role_permission ("method",api,roles,service_name,"type",created_by,updated_by) VALUES
	 ('PUT','/district/activate','{SUPER_ADMIN,REGION_ADMIN,DISTRICT_ADMIN,CHIEFDOM_ADMIN,HEALTH_FACILITY_ADMIN}','ADMIN_SERVICE','API_PERMISSION',0,0),
	 ('POST','/user/supervisors-chw-list','{CHW,PEER_SUPERVISOR,SUPER_ADMIN,HEALTH_FACILITY_ADMIN,SECHN,MCHA,PROVIDER,CHA,MID_WIFE,LAB_ASSISTANT,SRN,FACILITY_REPORT_ADMIN,REPORT_ADMIN,HF4_REPORT_USER}','CFR_SERVICE','API_PERMISSION',0,0),
	 ('POST','/user/update-active-status','{SUPER_ADMIN,REGION_ADMIN,DISTRICT_ADMIN,CHIEFDOM_ADMIN,HEALTH_FACILITY_ADMIN}','USER_SERVICE','API_PERMISSION',0,0),
	 ('POST','/user/get-by-tenants','{SUPER_ADMIN,REGION_ADMIN,DISTRICT_ADMIN,CHIEFDOM_ADMIN,HEALTH_FACILITY_ADMIN}','USER_SERVICE','API_PERMISSION',0,0),
	 ('POST','/organization/activate-deactivate','{SUPER_ADMIN,REGION_ADMIN,DISTRICT_ADMIN,CHIEFDOM_ADMIN,HEALTH_FACILITY_ADMIN}','FHIR_SERVICE','API_PERMISSION',0,0),
	 ('POST','/organization/activate-deactivate','{SUPER_ADMIN,REGION_ADMIN,DISTRICT_ADMIN,CHIEFDOM_ADMIN,HEALTH_FACILITY_ADMIN}','USER_SERVICE','API_PERMISSION',0,0),
	 ('GET','/health-check',NULL,'USER_SERVICE','OPEN_URI',0,0),
	 ('POST','/authenticate',NULL,'AUTH_SERVICE','OPEN_URI',0,0),
	 ('GET','/email/email-type',NULL,'NOTIFICATION_SERVICE','OPEN_URI',0,0),
	 ('GET','/sms/get-sms-template-values',NULL,'NOTIFICATION_SERVICE','OPEN_URI',0,0);
INSERT INTO public.api_role_permission ("method",api,roles,service_name,"type",created_by,updated_by) VALUES
	 ('POST','/organization/create-country','{SUPER_ADMIN}','USER_SERVICE','API_PERMISSION',0,0),
	 ('POST','/','{REPORT_ADMIN,FACILITY_REPORT_ADMIN,HF4_REPORT_USER}','CFR_SERVICE','API_PERMISSION',0,0),
	 ('POST','/organization/activate-deactivate','{SUPER_ADMIN,REGION_ADMIN,DISTRICT_ADMIN,CHIEFDOM_ADMIN,HEALTH_FACILITY_ADMIN}','FHIR_SERVICE','API_PERMISSION',0,0),
	 ('POST','/user/update-active-status','{SUPER_ADMIN,REGION_ADMIN,DISTRICT_ADMIN,CHIEFDOM_ADMIN,HEALTH_FACILITY_ADMIN}','USER_SERVICE','API_PERMISSION',0,0),
	 ('POST','/healthfacility/user-remove','{CHW,PEER_SUPERVISOR,SUPER_ADMIN,HEALTH_FACILITY_ADMIN,SECHN,MCHA,PROVIDER,CHA,MID_WIFE,LAB_ASSISTANT,SRN,FACILITY_REPORT_ADMIN,REPORT_ADMIN}','ADMIN_SERVICE','API_PERMISSION',0,0),
	 ('POST','/healthfacility/country-list','{CHW,PEER_SUPERVISOR,SUPER_ADMIN,HEALTH_FACILITY_ADMIN,SECHN,MCHA,PROVIDER,CHA,MID_WIFE,LAB_ASSISTANT,SRN,FACILITY_REPORT_ADMIN,REPORT_ADMIN}','ADMIN_SERVICE','API_PERMISSION',0,0),
	 ('POST','/healthfacility/chiefdom-list','{CHW,PEER_SUPERVISOR,SUPER_ADMIN,HEALTH_FACILITY_ADMIN,SECHN,MCHA,PROVIDER,CHA,MID_WIFE,LAB_ASSISTANT,SRN,FACILITY_REPORT_ADMIN,REPORT_ADMIN}','ADMIN_SERVICE','API_PERMISSION',0,0),
	 ('POST','/healthfacility/tenants-list','{CHW,PEER_SUPERVISOR,SUPER_ADMIN,HEALTH_FACILITY_ADMIN,SECHN,MCHA,PROVIDER,CHA,MID_WIFE,LAB_ASSISTANT,SRN,FACILITY_REPORT_ADMIN,REPORT_ADMIN}','ADMIN_SERVICE','API_PERMISSION',0,0),
	 ('POST','/healthfacility/villages-list','{CHW,PEER_SUPERVISOR,SUPER_ADMIN,HEALTH_FACILITY_ADMIN,SECHN,MCHA,PROVIDER,CHA,MID_WIFE,LAB_ASSISTANT,SRN,FACILITY_REPORT_ADMIN,REPORT_ADMIN}','ADMIN_SERVICE','API_PERMISSION',0,0),
	 ('PUT','/organization/update','{SUPER_ADMIN,REGION_ADMIN,DISTRICT_ADMIN,CHIEFDOM_ADMIN,HEALTH_FACILITY_ADMIN}','USER_SERVICE','API_PERMISSION',0,0);
INSERT INTO public.api_role_permission ("method",api,roles,service_name,"type",created_by,updated_by) VALUES
	 ('POST','/chiefdom/all','{SUPER_ADMIN,REGION_ADMIN,DISTRICT_ADMIN}','ADMIN_SERVICE','API_PERMISSION',0,0),
	 ('POST','/chiefdom/list','{SUPER_ADMIN,REGION_ADMIN,DISTRICT_ADMIN}','ADMIN_SERVICE','API_PERMISSION',0,0),
	 ('PUT','/chiefdom/update','{SUPER_ADMIN,REGION_ADMIN,DISTRICT_ADMIN}','ADMIN_SERVICE','API_PERMISSION',0,0),
	 ('POST','/chiefdom/create','{SUPER_ADMIN,REGION_ADMIN,DISTRICT_ADMIN}','ADMIN_SERVICE','API_PERMISSION',0,0),
	 ('POST','/chiefdom/details','{SUPER_ADMIN,REGION_ADMIN,DISTRICT_ADMIN}','ADMIN_SERVICE','API_PERMISSION',0,0),
	 ('POST','/organization/create-chiefdom','{SUPER_ADMIN,REGION_ADMIN,DISTRICT_ADMIN}','USER_SERVICE','API_PERMISSION',0,0),
	 ('POST','/report/list','{CHW,PEER_SUPERVISOR,SUPER_ADMIN,HEALTH_FACILITY_ADMIN,SECHN,MCHA,PROVIDER,CHA,MID_WIFE,LAB_ASSISTANT,SRN,FACILITY_REPORT_ADMIN,REPORT_ADMIN,HF4_REPORT_USER}','CFR_SERVICE','API_PERMISSION',0,0),
	 ('POST','/user/update-password',NULL,'USER_SERVICE','OPEN_URI',0,0),
	 ('POST','/region/download-file','{SUPER_ADMIN}','ADMIN_SERVICE','API_PERMISSION',0,0),
	 ('GET','/timezone','{SUPER_ADMIN,REGION_ADMIN,DISTRICT_ADMIN,CHIEFDOM_ADMIN,HEALTH_FACILITY_ADMIN}','SPICE_SERVICE','API_PERMISSION',0,0);
INSERT INTO public.api_role_permission ("method",api,roles,service_name,"type",created_by,updated_by) VALUES
	 ('POST','/region-details','{SUPER_ADMIN}','ADMIN_SERVICE','API_PERMISSION',0,0),
	 ('POST','/user/profile','{CHW,PEER_SUPERVISOR,SUPER_ADMIN,HEALTH_FACILITY_ADMIN,SECHN,MCHA,PROVIDER,CHA,MID_WIFE,LAB_ASSISTANT,SRN,FACILITY_REPORT_ADMIN,REPORT_ADMIN,INSIGHTS_DEVELOPER,INSIGHTS_USER,REGION_ADMIN,DISTRICT_ADMIN,CHIEFDOM_ADMIN,HF4_REPORT_USER}','USER_SERVICE','API_PERMISSION',0,0),
	 ('POST','/report/hf-report','{CHW,PEER_SUPERVISOR,SUPER_ADMIN,HEALTH_FACILITY_ADMIN,SECHN,MCHA,PROVIDER,CHA,MID_WIFE,LAB_ASSISTANT,SRN,FACILITY_REPORT_ADMIN,REPORT_ADMIN,HF4_REPORT_USER}','CFR_SERVICE','API_PERMISSION',0,0),
	 ('POST','/healthfacility/delete','{CHW,PEER_SUPERVISOR,SUPER_ADMIN,HEALTH_FACILITY_ADMIN,SECHN,MCHA,PROVIDER,CHA,MID_WIFE,LAB_ASSISTANT,SRN,FACILITY_REPORT_ADMIN,REPORT_ADMIN}','ADMIN_SERVICE','API_PERMISSION',0,0),
	 ('POST ','/healthfacility/validate','{CHW,PEER_SUPERVISOR,SUPER_ADMIN,HEALTH_FACILITY_ADMIN,SECHN,MCHA,PROVIDER,CHA,MID_WIFE,LAB_ASSISTANT,SRN,FACILITY_REPORT_ADMIN,REPORT_ADMIN}','ADMIN_SERVICE','API_PERMISSION',0,0),
	 ('POST','/healthfacility/unlinked-villages-list','{CHW,PEER_SUPERVISOR,SUPER_ADMIN,HEALTH_FACILITY_ADMIN,SECHN,MCHA,PROVIDER,CHA,MID_WIFE,LAB_ASSISTANT,SRN,FACILITY_REPORT_ADMIN,REPORT_ADMIN}','ADMIN_SERVICE','API_PERMISSION',0,0),
	 ('POST','/clinical-workflow/create','{CHW,PEER_SUPERVISOR,SUPER_ADMIN,HEALTH_FACILITY_ADMIN,SECHN,MCHA,PROVIDER,CHA,MID_WIFE,LAB_ASSISTANT,SRN,FACILITY_REPORT_ADMIN,REPORT_ADMIN}','ADMIN_SERVICE','API_PERMISSION',0,0),
	 ('POST','/clinical-workflow/list','{CHW,PEER_SUPERVISOR,SUPER_ADMIN,HEALTH_FACILITY_ADMIN,SECHN,MCHA,PROVIDER,CHA,MID_WIFE,LAB_ASSISTANT,SRN,FACILITY_REPORT_ADMIN,REPORT_ADMIN}','ADMIN_SERVICE','API_PERMISSION',0,0),
	 ('PUT','/clinical-workflow/update','{CHW,PEER_SUPERVISOR,SUPER_ADMIN,HEALTH_FACILITY_ADMIN,SECHN,MCHA,PROVIDER,CHA,MID_WIFE,LAB_ASSISTANT,SRN,FACILITY_REPORT_ADMIN,REPORT_ADMIN}','ADMIN_SERVICE','API_PERMISSION',0,0),
	 ('PUT','/clinical-workflow/remove','{CHW,PEER_SUPERVISOR,SUPER_ADMIN,HEALTH_FACILITY_ADMIN,SECHN,MCHA,PROVIDER,CHA,MID_WIFE,LAB_ASSISTANT,SRN,FACILITY_REPORT_ADMIN,REPORT_ADMIN}','ADMIN_SERVICE','API_PERMISSION',0,0);
INSERT INTO public.api_role_permission ("method",api,roles,service_name,"type",created_by,updated_by) VALUES
	 ('POST','/clinical-workflow/get-all-workflows','{CHW,PEER_SUPERVISOR,SUPER_ADMIN,HEALTH_FACILITY_ADMIN,SECHN,MCHA,PROVIDER,CHA,MID_WIFE,LAB_ASSISTANT,SRN,FACILITY_REPORT_ADMIN,REPORT_ADMIN}','ADMIN_SERVICE','API_PERMISSION',0,0),
	 ('PUT','/clinical-workflow/get-workflows','{CHW,PEER_SUPERVISOR,SUPER_ADMIN,HEALTH_FACILITY_ADMIN,SECHN,MCHA,PROVIDER,CHA,MID_WIFE,LAB_ASSISTANT,SRN,FACILITY_REPORT_ADMIN,REPORT_ADMIN}','ADMIN_SERVICE','API_PERMISSION',0,0),
	 ('POST','/villages-list','{CHW,PEER_SUPERVISOR,SUPER_ADMIN,HEALTH_FACILITY_ADMIN,SECHN,MCHA,PROVIDER,CHA,MID_WIFE,LAB_ASSISTANT,SRN,FACILITY_REPORT_ADMIN,REPORT_ADMIN}','ADMIN_SERVICE','API_PERMISSION',0,0),
	 ('POST','/chiefdom-list','{CHW,PEER_SUPERVISOR,SUPER_ADMIN,HEALTH_FACILITY_ADMIN,SECHN,MCHA,PROVIDER,CHA,MID_WIFE,LAB_ASSISTANT,SRN,FACILITY_REPORT_ADMIN,REPORT_ADMIN}','ADMIN_SERVICE','API_PERMISSION',0,0),
	 ('POST','/district-list','{CHW,PEER_SUPERVISOR,SUPER_ADMIN,HEALTH_FACILITY_ADMIN,SECHN,MCHA,PROVIDER,CHA,MID_WIFE,LAB_ASSISTANT,SRN,FACILITY_REPORT_ADMIN,REPORT_ADMIN}','ADMIN_SERVICE','API_PERMISSION',0,0),
	 ('POST','/region-details','{CHW,PEER_SUPERVISOR,SUPER_ADMIN,HEALTH_FACILITY_ADMIN,SECHN,MCHA,PROVIDER,CHA,MID_WIFE,LAB_ASSISTANT,SRN,FACILITY_REPORT_ADMIN,REPORT_ADMIN}','ADMIN_SERVICE','API_PERMISSION',0,0),
	 ('GET','/api-role-permissions','{CHW,PEER_SUPERVISOR,SUPER_ADMIN,HEALTH_FACILITY_ADMIN,SECHN,MCHA,PROVIDER,CHA,MID_WIFE,LAB_ASSISTANT,SRN,FACILITY_REPORT_ADMIN,REPORT_ADMIN}','ADMIN_SERVICE','API_PERMISSION',0,0),
	 ('POST','/healthfacility-types','{CHW,PEER_SUPERVISOR,SUPER_ADMIN,HEALTH_FACILITY_ADMIN,SECHN,MCHA,PROVIDER,CHA,MID_WIFE,LAB_ASSISTANT,SRN,FACILITY_REPORT_ADMIN,REPORT_ADMIN}','ADMIN_SERVICE','API_PERMISSION',0,0),
	 ('POST','/user/create','{SUPER_ADMIN,REGION_ADMIN,DISTRICT_ADMIN,CHIEFDOM_ADMIN,HEALTH_FACILITY_ADMIN}','FHIR_MAPPER_SERVICE','API_PERMISSION',0,0),
	 ('POST','/district/villages-list','{CHW,PEER_SUPERVISOR,SUPER_ADMIN,HEALTH_FACILITY_ADMIN,SECHN,MCHA,PROVIDER,CHA,MID_WIFE,LAB_ASSISTANT,SRN,FACILITY_REPORT_ADMIN,REPORT_ADMIN}','ADMIN_SERVICE','API_PERMISSION',0,0);
INSERT INTO public.api_role_permission ("method",api,roles,service_name,"type",created_by,updated_by) VALUES
	 ('POST','/villages-by-ids','{CHW,PEER_SUPERVISOR,SUPER_ADMIN,HEALTH_FACILITY_ADMIN,SECHN,MCHA,PROVIDER,CHA,MID_WIFE,LAB_ASSISTANT,SRN,FACILITY_REPORT_ADMIN,REPORT_ADMIN}','ADMIN_SERVICE','API_PERMISSION',0,0),
	 ('POST','/country-codes','{CHW,PEER_SUPERVISOR,SUPER_ADMIN,HEALTH_FACILITY_ADMIN,SECHN,MCHA,PROVIDER,CHA,MID_WIFE,LAB_ASSISTANT,SRN,FACILITY_REPORT_ADMIN,REPORT_ADMIN}','ADMIN_SERVICE','API_PERMISSION',0,0),
	 ('POST','/cultures','{CHW,PEER_SUPERVISOR,SUPER_ADMIN,HEALTH_FACILITY_ADMIN,SECHN,MCHA,PROVIDER,CHA,MID_WIFE,LAB_ASSISTANT,SRN,FACILITY_REPORT_ADMIN,REPORT_ADMIN}','ADMIN_SERVICE','API_PERMISSION',0,0),
	 ('GET','/unit/list','{CHW,PEER_SUPERVISOR,SUPER_ADMIN,HEALTH_FACILITY_ADMIN,SECHN,MCHA,PROVIDER,CHA,MID_WIFE,LAB_ASSISTANT,SRN,FACILITY_REPORT_ADMIN,REPORT_ADMIN}','ADMIN_SERVICE','API_PERMISSION',0,0),
	 ('POST ','/unlinked-villages-list','{CHW,PEER_SUPERVISOR,SUPER_ADMIN,HEALTH_FACILITY_ADMIN,SECHN,MCHA,PROVIDER,CHA,MID_WIFE,LAB_ASSISTANT,SRN,FACILITY_REPORT_ADMIN,REPORT_ADMIN}','ADMIN_SERVICE','API_PERMISSION',0,0),
	 ('POST ','/healthfacility/unlinked-villages-list','{CHW,PEER_SUPERVISOR,SUPER_ADMIN,HEALTH_FACILITY_ADMIN,SECHN,MCHA,PROVIDER,CHA,MID_WIFE,LAB_ASSISTANT,SRN,FACILITY_REPORT_ADMIN,REPORT_ADMIN}','ADMIN_SERVICE','API_PERMISSION',0,0),
	 ('POST','/labtest/create','{CHW,PEER_SUPERVISOR,SUPER_ADMIN,HEALTH_FACILITY_ADMIN,SECHN,MCHA,PROVIDER,CHA,MID_WIFE,LAB_ASSISTANT,SRN,FACILITY_REPORT_ADMIN,REPORT_ADMIN}','ADMIN_SERVICE','API_PERMISSION',0,0),
	 ('POST','/labtest/search','{CHW,PEER_SUPERVISOR,SUPER_ADMIN,HEALTH_FACILITY_ADMIN,SECHN,MCHA,PROVIDER,CHA,MID_WIFE,LAB_ASSISTANT,SRN,FACILITY_REPORT_ADMIN,REPORT_ADMIN}','ADMIN_SERVICE','API_PERMISSION',0,0),
	 ('POST','/labtest/get-by-unique-name','{CHW,PEER_SUPERVISOR,SUPER_ADMIN,HEALTH_FACILITY_ADMIN,SECHN,MCHA,PROVIDER,CHA,MID_WIFE,LAB_ASSISTANT,SRN,FACILITY_REPORT_ADMIN,REPORT_ADMIN}','ADMIN_SERVICE','API_PERMISSION',0,0),
	 ('POST','/labtest/list','{CHW,PEER_SUPERVISOR,SUPER_ADMIN,HEALTH_FACILITY_ADMIN,SECHN,MCHA,PROVIDER,CHA,MID_WIFE,LAB_ASSISTANT,SRN,FACILITY_REPORT_ADMIN,REPORT_ADMIN}','ADMIN_SERVICE','API_PERMISSION',0,0);
INSERT INTO public.api_role_permission ("method",api,roles,service_name,"type",created_by,updated_by) VALUES
	 ('POST','/labtest/update','{CHW,PEER_SUPERVISOR,SUPER_ADMIN,HEALTH_FACILITY_ADMIN,SECHN,MCHA,PROVIDER,CHA,MID_WIFE,LAB_ASSISTANT,SRN,FACILITY_REPORT_ADMIN,REPORT_ADMIN}','ADMIN_SERVICE','API_PERMISSION',0,0),
	 ('POST','/labtest/delete','{CHW,PEER_SUPERVISOR,SUPER_ADMIN,HEALTH_FACILITY_ADMIN,SECHN,MCHA,PROVIDER,CHA,MID_WIFE,LAB_ASSISTANT,SRN,FACILITY_REPORT_ADMIN,REPORT_ADMIN}','ADMIN_SERVICE','API_PERMISSION',0,0),
	 ('POST','/labtest/validate','{CHW,PEER_SUPERVISOR,SUPER_ADMIN,HEALTH_FACILITY_ADMIN,SECHN,MCHA,PROVIDER,CHA,MID_WIFE,LAB_ASSISTANT,SRN,FACILITY_REPORT_ADMIN,REPORT_ADMIN}','ADMIN_SERVICE','API_PERMISSION',0,0),
	 ('POST','/lab-test-customization/create','{CHW,PEER_SUPERVISOR,SUPER_ADMIN,HEALTH_FACILITY_ADMIN,SECHN,MCHA,PROVIDER,CHA,MID_WIFE,LAB_ASSISTANT,SRN,FACILITY_REPORT_ADMIN,REPORT_ADMIN}','ADMIN_SERVICE','API_PERMISSION',0,0),
	 ('POST','/lab-test-customization/get','{CHW,PEER_SUPERVISOR,SUPER_ADMIN,HEALTH_FACILITY_ADMIN,SECHN,MCHA,PROVIDER,CHA,MID_WIFE,LAB_ASSISTANT,SRN,FACILITY_REPORT_ADMIN,REPORT_ADMIN}','ADMIN_SERVICE','API_PERMISSION',0,0),
	 ('POST','/lab-test-customization/get-by-unique-name','{CHW,PEER_SUPERVISOR,SUPER_ADMIN,HEALTH_FACILITY_ADMIN,SECHN,MCHA,PROVIDER,CHA,MID_WIFE,LAB_ASSISTANT,SRN,FACILITY_REPORT_ADMIN,REPORT_ADMIN}','ADMIN_SERVICE','API_PERMISSION',0,0),
	 ('POST','/lab-test-cuvstomization/list','{CHW,PEER_SUPERVISOR,SUPER_ADMIN,HEALTH_FACILITY_ADMIN,SECHN,MCHA,PROVIDER,CHA,MID_WIFE,LAB_ASSISTANT,SRN,FACILITY_REPORT_ADMIN,REPORT_ADMIN}','ADMIN_SERVICE','API_PERMISSION',0,0),
	 ('POST','/lab-test-customization/update','{CHW,PEER_SUPERVISOR,SUPER_ADMIN,HEALTH_FACILITY_ADMIN,SECHN,MCHA,PROVIDER,CHA,MID_WIFE,LAB_ASSISTANT,SRN,FACILITY_REPORT_ADMIN,REPORT_ADMIN}','ADMIN_SERVICE','API_PERMISSION',0,0),
	 ('POST','/lab-test-customization/delete','{CHW,PEER_SUPERVISOR,SUPER_ADMIN,HEALTH_FACILITY_ADMIN,SECHN,MCHA,PROVIDER,CHA,MID_WIFE,LAB_ASSISTANT,SRN,FACILITY_REPORT_ADMIN,REPORT_ADMIN}','ADMIN_SERVICE','API_PERMISSION',0,0),
	 ('POST','/lab-test-customization/fhir-resources','{CHW,PEER_SUPERVISOR,SUPER_ADMIN,HEALTH_FACILITY_ADMIN,SECHN,MCHA,PROVIDER,CHA,MID_WIFE,LAB_ASSISTANT,SRN,FACILITY_REPORT_ADMIN,REPORT_ADMIN}','ADMIN_SERVICE','API_PERMISSION',0,0);
INSERT INTO public.api_role_permission ("method",api,roles,service_name,"type",created_by,updated_by) VALUES
	 ('POST','/lab-test-customization/fhir-resources','{CHW,PEER_SUPERVISOR,SUPER_ADMIN,HEALTH_FACILITY_ADMIN,SECHN,MCHA,PROVIDER,CHA,MID_WIFE,LAB_ASSISTANT,SRN,FACILITY_REPORT_ADMIN,REPORT_ADMIN}','ADMIN_SERVICE','API_PERMISSION',0,0),
	 ('POST','/medication/create','{CHW,PEER_SUPERVISOR,SUPER_ADMIN,HEALTH_FACILITY_ADMIN,SECHN,MCHA,PROVIDER,CHA,MID_WIFE,LAB_ASSISTANT,SRN,FACILITY_REPORT_ADMIN,REPORT_ADMIN}','ADMIN_SERVICE','API_PERMISSION',0,0),
	 ('PUT','/medication/update','{CHW,PEER_SUPERVISOR,SUPER_ADMIN,HEALTH_FACILITY_ADMIN,SECHN,MCHA,PROVIDER,CHA,MID_WIFE,LAB_ASSISTANT,SRN,FACILITY_REPORT_ADMIN,REPORT_ADMIN}','ADMIN_SERVICE','API_PERMISSION',0,0),
	 ('POST','/user/roles-list','{SUPER_ADMIN,REGION_ADMIN,DISTRICT_ADMIN,CHIEFDOM_ADMIN,HEALTH_FACILITY_ADMIN}','USER_SERVICE','API_PERMISSION',0,0),
	 ('POST','/medication/details','{CHW,PEER_SUPERVISOR,SUPER_ADMIN,HEALTH_FACILITY_ADMIN,SECHN,MCHA,PROVIDER,CHA,MID_WIFE,LAB_ASSISTANT,SRN,FACILITY_REPORT_ADMIN,REPORT_ADMIN}','ADMIN_SERVICE','API_PERMISSION',0,0),
	 ('POST','/medication/getByName','{CHW,PEER_SUPERVISOR,SUPER_ADMIN,HEALTH_FACILITY_ADMIN,SECHN,MCHA,PROVIDER,CHA,MID_WIFE,LAB_ASSISTANT,SRN,FACILITY_REPORT_ADMIN,REPORT_ADMIN}','ADMIN_SERVICE','API_PERMISSION',0,0),
	 ('POST','/medication/list','{CHW,PEER_SUPERVISOR,SUPER_ADMIN,HEALTH_FACILITY_ADMIN,SECHN,MCHA,PROVIDER,CHA,MID_WIFE,LAB_ASSISTANT,SRN,FACILITY_REPORT_ADMIN,REPORT_ADMIN}','ADMIN_SERVICE','API_PERMISSION',0,0),
	 ('POST','/medication/remove','{CHW,PEER_SUPERVISOR,SUPER_ADMIN,HEALTH_FACILITY_ADMIN,SECHN,MCHA,PROVIDER,CHA,MID_WIFE,LAB_ASSISTANT,SRN,FACILITY_REPORT_ADMIN,REPORT_ADMIN}','ADMIN_SERVICE','API_PERMISSION',0,0),
	 ('POST','/medication/validate','{CHW,PEER_SUPERVISOR,SUPER_ADMIN,HEALTH_FACILITY_ADMIN,SECHN,MCHA,PROVIDER,CHA,MID_WIFE,LAB_ASSISTANT,SRN,FACILITY_REPORT_ADMIN,REPORT_ADMIN}','ADMIN_SERVICE','API_PERMISSION',0,0),
	 ('POST','/medication/classification-list','{CHW,PEER_SUPERVISOR,SUPER_ADMIN,HEALTH_FACILITY_ADMIN,SECHN,MCHA,PROVIDER,CHA,MID_WIFE,LAB_ASSISTANT,SRN,FACILITY_REPORT_ADMIN,REPORT_ADMIN}','ADMIN_SERVICE','API_PERMISSION',0,0);
INSERT INTO public.api_role_permission ("method",api,roles,service_name,"type",created_by,updated_by) VALUES
	 ('POST','/medication/dosageform-list','{CHW,PEER_SUPERVISOR,SUPER_ADMIN,HEALTH_FACILITY_ADMIN,SECHN,MCHA,PROVIDER,CHA,MID_WIFE,LAB_ASSISTANT,SRN,FACILITY_REPORT_ADMIN,REPORT_ADMIN}','ADMIN_SERVICE','API_PERMISSION',0,0),
	 ('POST','/medication/search','{CHW,PEER_SUPERVISOR,SUPER_ADMIN,HEALTH_FACILITY_ADMIN,SECHN,MCHA,PROVIDER,CHA,MID_WIFE,LAB_ASSISTANT,SRN,FACILITY_REPORT_ADMIN,REPORT_ADMIN}','ADMIN_SERVICE','API_PERMISSION',0,0),
	 ('POST','/region-customization/static-data/get-list','{CHW,PEER_SUPERVISOR,SUPER_ADMIN,HEALTH_FACILITY_ADMIN,SECHN,MCHA,PROVIDER,CHA,MID_WIFE,LAB_ASSISTANT,SRN,FACILITY_REPORT_ADMIN,REPORT_ADMIN}','ADMIN_SERVICE','API_PERMISSION',0,0),
	 ('POST','/region/upload-file','{CHW,PEER_SUPERVISOR,SUPER_ADMIN,HEALTH_FACILITY_ADMIN,SECHN,MCHA,PROVIDER,CHA,MID_WIFE,LAB_ASSISTANT,SRN,FACILITY_REPORT_ADMIN,REPORT_ADMIN}','ADMIN_SERVICE','API_PERMISSION',0,0),
	 ('POST','/region/download-file','{CHW,PEER_SUPERVISOR,SUPER_ADMIN,HEALTH_FACILITY_ADMIN,SECHN,MCHA,PROVIDER,CHA,MID_WIFE,LAB_ASSISTANT,SRN,FACILITY_REPORT_ADMIN,REPORT_ADMIN}','ADMIN_SERVICE','API_PERMISSION',0,0),
	 ('POST','/cql/expression','{CHW,PEER_SUPERVISOR,SUPER_ADMIN,HEALTH_FACILITY_ADMIN,SECHN,MCHA,PROVIDER,CHA,MID_WIFE,LAB_ASSISTANT,SRN,FACILITY_REPORT_ADMIN,REPORT_ADMIN}','CQL_SERVICE','API_PERMISSION',0,0),
	 ('POST','/cql/library','{CHW,PEER_SUPERVISOR,SUPER_ADMIN,HEALTH_FACILITY_ADMIN,SECHN,MCHA,PROVIDER,CHA,MID_WIFE,LAB_ASSISTANT,SRN,FACILITY_REPORT_ADMIN,REPORT_ADMIN}','CQL_SERVICE','API_PERMISSION',0,0),
	 ('POST','/cql/evaluate','{CHW,PEER_SUPERVISOR,SUPER_ADMIN,HEALTH_FACILITY_ADMIN,SECHN,MCHA,PROVIDER,CHA,MID_WIFE,LAB_ASSISTANT,SRN,FACILITY_REPORT_ADMIN,REPORT_ADMIN}','CQL_SERVICE','API_PERMISSION',0,0),
	 ('POST','/cql/evaluate-encounter','{CHW,PEER_SUPERVISOR,SUPER_ADMIN,HEALTH_FACILITY_ADMIN,SECHN,MCHA,PROVIDER,CHA,MID_WIFE,LAB_ASSISTANT,SRN,FACILITY_REPORT_ADMIN,REPORT_ADMIN}','CQL_SERVICE','API_PERMISSION',0,0),
	 ('GET','/cql/result','{CHW,PEER_SUPERVISOR,SUPER_ADMIN,HEALTH_FACILITY_ADMIN,SECHN,MCHA,PROVIDER,CHA,MID_WIFE,LAB_ASSISTANT,SRN,FACILITY_REPORT_ADMIN,REPORT_ADMIN}','CQL_SERVICE','API_PERMISSION',0,0);
INSERT INTO public.api_role_permission ("method",api,roles,service_name,"type",created_by,updated_by) VALUES
	 ('GET','/cql/anc-result','{CHW,PEER_SUPERVISOR,SUPER_ADMIN,HEALTH_FACILITY_ADMIN,SECHN,MCHA,PROVIDER,CHA,MID_WIFE,LAB_ASSISTANT,SRN,FACILITY_REPORT_ADMIN,REPORT_ADMIN}','CQL_SERVICE','API_PERMISSION',0,0),
	 ('POST','/cql/anc-result/list','{CHW,PEER_SUPERVISOR,SUPER_ADMIN,HEALTH_FACILITY_ADMIN,SECHN,MCHA,PROVIDER,CHA,MID_WIFE,LAB_ASSISTANT,SRN,FACILITY_REPORT_ADMIN,REPORT_ADMIN}','CQL_SERVICE','API_PERMISSION',0,0),
	 ('GET','/cql/clear','{CHW,PEER_SUPERVISOR,SUPER_ADMIN,HEALTH_FACILITY_ADMIN,SECHN,MCHA,PROVIDER,CHA,MID_WIFE,LAB_ASSISTANT,SRN,FACILITY_REPORT_ADMIN,REPORT_ADMIN}','CQL_SERVICE','API_PERMISSION',0,0),
	 ('POST','/assessment/create','{CHW,PEER_SUPERVISOR,SUPER_ADMIN,HEALTH_FACILITY_ADMIN,SECHN,MCHA,PROVIDER,CHA,MID_WIFE,LAB_ASSISTANT,SRN,FACILITY_REPORT_ADMIN,REPORT_ADMIN}','SPICE_SERVICE','API_PERMISSION',0,0),
	 ('POST','/follow-up/create','{CHW,PEER_SUPERVISOR,SUPER_ADMIN,HEALTH_FACILITY_ADMIN,SECHN,MCHA,PROVIDER,CHA,MID_WIFE,LAB_ASSISTANT,SRN,FACILITY_REPORT_ADMIN,REPORT_ADMIN}','SPICE_SERVICE','API_PERMISSION',0,0),
	 ('POST','/follow-up/update','{CHW,PEER_SUPERVISOR,SUPER_ADMIN,HEALTH_FACILITY_ADMIN,SECHN,MCHA,PROVIDER,CHA,MID_WIFE,LAB_ASSISTANT,SRN,FACILITY_REPORT_ADMIN,REPORT_ADMIN}','SPICE_SERVICE','API_PERMISSION',0,0),
	 ('POST','/follow-up/list','{CHW,PEER_SUPERVISOR,SUPER_ADMIN,HEALTH_FACILITY_ADMIN,SECHN,MCHA,PROVIDER,CHA,MID_WIFE,LAB_ASSISTANT,SRN,FACILITY_REPORT_ADMIN,REPORT_ADMIN}','SPICE_SERVICE','API_PERMISSION',0,0),
	 ('POST','/follow-up/criteria','{CHW,PEER_SUPERVISOR,SUPER_ADMIN,HEALTH_FACILITY_ADMIN,SECHN,MCHA,PROVIDER,CHA,MID_WIFE,LAB_ASSISTANT,SRN,FACILITY_REPORT_ADMIN,REPORT_ADMIN}','SPICE_SERVICE','API_PERMISSION',0,0),
	 ('POST','/household/create','{CHW,PEER_SUPERVISOR,SUPER_ADMIN,HEALTH_FACILITY_ADMIN,SECHN,MCHA,PROVIDER,CHA,MID_WIFE,LAB_ASSISTANT,SRN,FACILITY_REPORT_ADMIN,REPORT_ADMIN}','SPICE_SERVICE','API_PERMISSION',0,0),
	 ('GET','/household','{CHW,PEER_SUPERVISOR,SUPER_ADMIN,HEALTH_FACILITY_ADMIN,SECHN,MCHA,PROVIDER,CHA,MID_WIFE,LAB_ASSISTANT,SRN,FACILITY_REPORT_ADMIN,REPORT_ADMIN}','SPICE_SERVICE','API_PERMISSION',0,0);
INSERT INTO public.api_role_permission ("method",api,roles,service_name,"type",created_by,updated_by) VALUES
	 ('POST','/household/create-member','{CHW,PEER_SUPERVISOR,SUPER_ADMIN,HEALTH_FACILITY_ADMIN,SECHN,MCHA,PROVIDER,CHA,MID_WIFE,LAB_ASSISTANT,SRN,FACILITY_REPORT_ADMIN,REPORT_ADMIN}','SPICE_SERVICE','API_PERMISSION',0,0),
	 ('POST','/household/update','{CHW,PEER_SUPERVISOR,SUPER_ADMIN,HEALTH_FACILITY_ADMIN,SECHN,MCHA,PROVIDER,CHA,MID_WIFE,LAB_ASSISTANT,SRN,FACILITY_REPORT_ADMIN,REPORT_ADMIN}','SPICE_SERVICE','API_PERMISSION',0,0),
	 ('POST','/household/update-member','{CHW,PEER_SUPERVISOR,SUPER_ADMIN,HEALTH_FACILITY_ADMIN,SECHN,MCHA,PROVIDER,CHA,MID_WIFE,LAB_ASSISTANT,SRN,FACILITY_REPORT_ADMIN,REPORT_ADMIN}','SPICE_SERVICE','API_PERMISSION',0,0),
	 ('POST','/household/list','{CHW,PEER_SUPERVISOR,SUPER_ADMIN,HEALTH_FACILITY_ADMIN,SECHN,MCHA,PROVIDER,CHA,MID_WIFE,LAB_ASSISTANT,SRN,FACILITY_REPORT_ADMIN,REPORT_ADMIN}','SPICE_SERVICE','API_PERMISSION',0,0),
	 ('POST','/household/member/list','{CHW,PEER_SUPERVISOR,SUPER_ADMIN,HEALTH_FACILITY_ADMIN,SECHN,MCHA,PROVIDER,CHA,MID_WIFE,LAB_ASSISTANT,SRN,FACILITY_REPORT_ADMIN,REPORT_ADMIN}','SPICE_SERVICE','API_PERMISSION',0,0),
	 ('POST','/household/sequence','{CHW,PEER_SUPERVISOR,SUPER_ADMIN,HEALTH_FACILITY_ADMIN,SECHN,MCHA,PROVIDER,CHA,MID_WIFE,LAB_ASSISTANT,SRN,FACILITY_REPORT_ADMIN,REPORT_ADMIN}','SPICE_SERVICE','API_PERMISSION',0,0),
	 ('POST','/household/member/sequence','{CHW,PEER_SUPERVISOR,SUPER_ADMIN,HEALTH_FACILITY_ADMIN,SECHN,MCHA,PROVIDER,CHA,MID_WIFE,LAB_ASSISTANT,SRN,FACILITY_REPORT_ADMIN,REPORT_ADMIN}','SPICE_SERVICE','API_PERMISSION',0,0),
	 ('POST','/household/member/update-signature','{CHW,PEER_SUPERVISOR,SUPER_ADMIN,HEALTH_FACILITY_ADMIN,SECHN,MCHA,PROVIDER,CHA,MID_WIFE,LAB_ASSISTANT,SRN,FACILITY_REPORT_ADMIN,REPORT_ADMIN}','SPICE_SERVICE','API_PERMISSION',0,0),
	 ('POST','/in-app-analytics/upload-file','{CHW,PEER_SUPERVISOR,SUPER_ADMIN,HEALTH_FACILITY_ADMIN,SECHN,MCHA,PROVIDER,CHA,MID_WIFE,LAB_ASSISTANT,SRN,FACILITY_REPORT_ADMIN,REPORT_ADMIN}','SPICE_SERVICE','API_PERMISSION',0,0),
	 ('POST','/investigation/create','{CHW,PEER_SUPERVISOR,SUPER_ADMIN,HEALTH_FACILITY_ADMIN,SECHN,MCHA,PROVIDER,CHA,MID_WIFE,LAB_ASSISTANT,SRN,FACILITY_REPORT_ADMIN,REPORT_ADMIN}','SPICE_SERVICE','API_PERMISSION',0,0);
INSERT INTO public.api_role_permission ("method",api,roles,service_name,"type",created_by,updated_by) VALUES
	 ('POST','/investigation/details','{CHW,PEER_SUPERVISOR,SUPER_ADMIN,HEALTH_FACILITY_ADMIN,SECHN,MCHA,PROVIDER,CHA,MID_WIFE,LAB_ASSISTANT,SRN,FACILITY_REPORT_ADMIN,REPORT_ADMIN}','SPICE_SERVICE','API_PERMISSION',0,0),
	 ('POST','/investigation/list','{CHW,PEER_SUPERVISOR,SUPER_ADMIN,HEALTH_FACILITY_ADMIN,SECHN,MCHA,PROVIDER,CHA,MID_WIFE,LAB_ASSISTANT,SRN,FACILITY_REPORT_ADMIN,REPORT_ADMIN}','SPICE_SERVICE','API_PERMISSION',0,0),
	 ('GET','/health-check',NULL,'OFFLINE_SERVICE','OPEN_URI',0,0),
	 ('GET','/health-check',NULL,'FHIR_MAPPER_SERVICE','OPEN_URI',0,0),
	 ('POST','/investigation/remove','{CHW,PEER_SUPERVISOR,SUPER_ADMIN,HEALTH_FACILITY_ADMIN,SECHN,MCHA,PROVIDER,CHA,MID_WIFE,LAB_ASSISTANT,SRN,FACILITY_REPORT_ADMIN,REPORT_ADMIN}','SPICE_SERVICE','API_PERMISSION',0,0),
	 ('POST','/investigation/history-list','{CHW,PEER_SUPERVISOR,SUPER_ADMIN,HEALTH_FACILITY_ADMIN,SECHN,MCHA,PROVIDER,CHA,MID_WIFE,LAB_ASSISTANT,SRN,FACILITY_REPORT_ADMIN,REPORT_ADMIN}','SPICE_SERVICE','API_PERMISSION',0,0),
	 ('POST','/medical-review/iccm-general/create','{CHW,PEER_SUPERVISOR,SUPER_ADMIN,HEALTH_FACILITY_ADMIN,SECHN,MCHA,PROVIDER,CHA,MID_WIFE,LAB_ASSISTANT,SRN,FACILITY_REPORT_ADMIN,REPORT_ADMIN}','SPICE_SERVICE','API_PERMISSION',0,0),
	 ('POST','/medical-review/iccm-general/details','{CHW,PEER_SUPERVISOR,SUPER_ADMIN,HEALTH_FACILITY_ADMIN,SECHN,MCHA,PROVIDER,CHA,MID_WIFE,LAB_ASSISTANT,SRN,FACILITY_REPORT_ADMIN,REPORT_ADMIN}','SPICE_SERVICE','API_PERMISSION',0,0),
	 ('POST','/medical-review/summary-create','{CHW,PEER_SUPERVISOR,SUPER_ADMIN,HEALTH_FACILITY_ADMIN,SECHN,MCHA,PROVIDER,CHA,MID_WIFE,LAB_ASSISTANT,SRN,FACILITY_REPORT_ADMIN,REPORT_ADMIN}','SPICE_SERVICE','API_PERMISSION',0,0),
	 ('POST','/medical-review/mother-neonate/summary-create','{CHW,PEER_SUPERVISOR,SUPER_ADMIN,HEALTH_FACILITY_ADMIN,SECHN,MCHA,PROVIDER,CHA,MID_WIFE,LAB_ASSISTANT,SRN,FACILITY_REPORT_ADMIN,REPORT_ADMIN}','SPICE_SERVICE','API_PERMISSION',0,0);
INSERT INTO public.api_role_permission ("method",api,roles,service_name,"type",created_by,updated_by) VALUES
	 ('POST','/medical-review/iccm-under-2months/create','{CHW,PEER_SUPERVISOR,SUPER_ADMIN,HEALTH_FACILITY_ADMIN,SECHN,MCHA,PROVIDER,CHA,MID_WIFE,LAB_ASSISTANT,SRN,FACILITY_REPORT_ADMIN,REPORT_ADMIN}','SPICE_SERVICE','API_PERMISSION',0,0),
	 ('POST','/medical-review/iccm-under-2months/details','{CHW,PEER_SUPERVISOR,SUPER_ADMIN,HEALTH_FACILITY_ADMIN,SECHN,MCHA,PROVIDER,CHA,MID_WIFE,LAB_ASSISTANT,SRN,FACILITY_REPORT_ADMIN,REPORT_ADMIN}','SPICE_SERVICE','API_PERMISSION',0,0),
	 ('POST','/medical-review/iccm-under-5years/create','{CHW,PEER_SUPERVISOR,SUPER_ADMIN,HEALTH_FACILITY_ADMIN,SECHN,MCHA,PROVIDER,CHA,MID_WIFE,LAB_ASSISTANT,SRN,FACILITY_REPORT_ADMIN,REPORT_ADMIN}','SPICE_SERVICE','API_PERMISSION',0,0),
	 ('POST','/medical-review/history','{CHW,PEER_SUPERVISOR,SUPER_ADMIN,HEALTH_FACILITY_ADMIN,SECHN,MCHA,PROVIDER,CHA,MID_WIFE,LAB_ASSISTANT,SRN,FACILITY_REPORT_ADMIN,REPORT_ADMIN}','SPICE_SERVICE','API_PERMISSION',0,0),
	 ('POST','/medical-review/pnc-history','{CHW,PEER_SUPERVISOR,SUPER_ADMIN,HEALTH_FACILITY_ADMIN,SECHN,MCHA,PROVIDER,CHA,MID_WIFE,LAB_ASSISTANT,SRN,FACILITY_REPORT_ADMIN,REPORT_ADMIN}','SPICE_SERVICE','API_PERMISSION',0,0),
	 ('POST','/medical-review/pnc/create','{CHW,PEER_SUPERVISOR,SUPER_ADMIN,HEALTH_FACILITY_ADMIN,SECHN,MCHA,PROVIDER,CHA,MID_WIFE,LAB_ASSISTANT,SRN,FACILITY_REPORT_ADMIN,REPORT_ADMIN}','SPICE_SERVICE','API_PERMISSION',0,0),
	 ('POST','/medical-review/iccm-under-5years/details','{CHW,PEER_SUPERVISOR,SUPER_ADMIN,HEALTH_FACILITY_ADMIN,SECHN,MCHA,PROVIDER,CHA,MID_WIFE,LAB_ASSISTANT,SRN,FACILITY_REPORT_ADMIN,REPORT_ADMIN}','SPICE_SERVICE','API_PERMISSION',0,0),
	 ('POST','/medical-review/anc-pregnancy/details','{CHW,PEER_SUPERVISOR,SUPER_ADMIN,HEALTH_FACILITY_ADMIN,SECHN,MCHA,PROVIDER,CHA,MID_WIFE,LAB_ASSISTANT,SRN,FACILITY_REPORT_ADMIN,REPORT_ADMIN}','SPICE_SERVICE','API_PERMISSION',0,0),
	 ('POST','/medical-review/anc-pregnancy/create','{CHW,PEER_SUPERVISOR,SUPER_ADMIN,HEALTH_FACILITY_ADMIN,SECHN,MCHA,PROVIDER,CHA,MID_WIFE,LAB_ASSISTANT,SRN,FACILITY_REPORT_ADMIN,REPORT_ADMIN}','SPICE_SERVICE','API_PERMISSION',0,0),
	 ('POST','/medical-review/labour-mother-neonate/create','{CHW,PEER_SUPERVISOR,SUPER_ADMIN,HEALTH_FACILITY_ADMIN,SECHN,MCHA,PROVIDER,CHA,MID_WIFE,LAB_ASSISTANT,SRN,FACILITY_REPORT_ADMIN,REPORT_ADMIN}','SPICE_SERVICE','API_PERMISSION',0,0);
INSERT INTO public.api_role_permission ("method",api,roles,service_name,"type",created_by,updated_by) VALUES
	 ('POST','/medical-review/labour-mother-neonate/details','{CHW,PEER_SUPERVISOR,SUPER_ADMIN,HEALTH_FACILITY_ADMIN,SECHN,MCHA,PROVIDER,CHA,MID_WIFE,LAB_ASSISTANT,SRN,FACILITY_REPORT_ADMIN,REPORT_ADMIN}','SPICE_SERVICE','API_PERMISSION',0,0),
	 ('POST','/medical-review/pnc/details','{CHW,PEER_SUPERVISOR,SUPER_ADMIN,HEALTH_FACILITY_ADMIN,SECHN,MCHA,PROVIDER,CHA,MID_WIFE,LAB_ASSISTANT,SRN,FACILITY_REPORT_ADMIN,REPORT_ADMIN}','SPICE_SERVICE','API_PERMISSION',0,0),
	 ('POST','/medical-review/bp/create','{CHW,PEER_SUPERVISOR,SUPER_ADMIN,HEALTH_FACILITY_ADMIN,SECHN,MCHA,PROVIDER,CHA,MID_WIFE,LAB_ASSISTANT,SRN,FACILITY_REPORT_ADMIN,REPORT_ADMIN}','SPICE_SERVICE','API_PERMISSION',0,0),
	 ('POST','/medical-review/weight/create','{CHW,PEER_SUPERVISOR,SUPER_ADMIN,HEALTH_FACILITY_ADMIN,SECHN,MCHA,PROVIDER,CHA,MID_WIFE,LAB_ASSISTANT,SRN,FACILITY_REPORT_ADMIN,REPORT_ADMIN}','SPICE_SERVICE','API_PERMISSION',0,0),
	 ('POST','/medical-review/weight','{CHW,PEER_SUPERVISOR,SUPER_ADMIN,HEALTH_FACILITY_ADMIN,SECHN,MCHA,PROVIDER,CHA,MID_WIFE,LAB_ASSISTANT,SRN,FACILITY_REPORT_ADMIN,REPORT_ADMIN}','SPICE_SERVICE','API_PERMISSION',0,0),
	 ('POST','/medical-review/bp','{CHW,PEER_SUPERVISOR,SUPER_ADMIN,HEALTH_FACILITY_ADMIN,SECHN,MCHA,PROVIDER,CHA,MID_WIFE,LAB_ASSISTANT,SRN,FACILITY_REPORT_ADMIN,REPORT_ADMIN}','SPICE_SERVICE','API_PERMISSION',0,0),
	 ('POST','/medical-review/birth-history','{CHW,PEER_SUPERVISOR,SUPER_ADMIN,HEALTH_FACILITY_ADMIN,SECHN,MCHA,PROVIDER,CHA,MID_WIFE,LAB_ASSISTANT,SRN,FACILITY_REPORT_ADMIN,REPORT_ADMIN}','SPICE_SERVICE','API_PERMISSION',0,0),
	 ('POST','/patient/create','{CHW,PEER_SUPERVISOR,SUPER_ADMIN,HEALTH_FACILITY_ADMIN,SECHN,MCHA,PROVIDER,CHA,MID_WIFE,LAB_ASSISTANT,SRN,FACILITY_REPORT_ADMIN,REPORT_ADMIN}','SPICE_SERVICE','API_PERMISSION',0,0),
	 ('POST','/patient/list','{CHW,PEER_SUPERVISOR,SUPER_ADMIN,HEALTH_FACILITY_ADMIN,SECHN,MCHA,PROVIDER,CHA,MID_WIFE,LAB_ASSISTANT,SRN,FACILITY_REPORT_ADMIN,REPORT_ADMIN}','SPICE_SERVICE','API_PERMISSION',0,0),
	 ('POST','/patient/search','{CHW,PEER_SUPERVISOR,SUPER_ADMIN,HEALTH_FACILITY_ADMIN,SECHN,MCHA,PROVIDER,CHA,MID_WIFE,LAB_ASSISTANT,SRN,FACILITY_REPORT_ADMIN,REPORT_ADMIN}','SPICE_SERVICE','API_PERMISSION',0,0);
INSERT INTO public.api_role_permission ("method",api,roles,service_name,"type",created_by,updated_by) VALUES
	 ('POST','/patient/patientDetails','{CHW,PEER_SUPERVISOR,SUPER_ADMIN,HEALTH_FACILITY_ADMIN,SECHN,MCHA,PROVIDER,CHA,MID_WIFE,LAB_ASSISTANT,SRN,FACILITY_REPORT_ADMIN,REPORT_ADMIN}','SPICE_SERVICE','API_PERMISSION',0,0),
	 ('POST','/patient/patient-status','{CHW,PEER_SUPERVISOR,SUPER_ADMIN,HEALTH_FACILITY_ADMIN,SECHN,MCHA,PROVIDER,CHA,MID_WIFE,LAB_ASSISTANT,SRN,FACILITY_REPORT_ADMIN,REPORT_ADMIN}','SPICE_SERVICE','API_PERMISSION',0,0),
	 ('POST','/patient/update-patient-status','{CHW,PEER_SUPERVISOR,SUPER_ADMIN,HEALTH_FACILITY_ADMIN,SECHN,MCHA,PROVIDER,CHA,MID_WIFE,LAB_ASSISTANT,SRN,FACILITY_REPORT_ADMIN,REPORT_ADMIN}','SPICE_SERVICE','API_PERMISSION',0,0),
	 ('POST','/patient/referral-tickets','{CHW,PEER_SUPERVISOR,SUPER_ADMIN,HEALTH_FACILITY_ADMIN,SECHN,MCHA,PROVIDER,CHA,MID_WIFE,LAB_ASSISTANT,SRN,FACILITY_REPORT_ADMIN,REPORT_ADMIN}','SPICE_SERVICE','API_PERMISSION',0,0),
	 ('POST','/patient/referral-tickets/create','{CHW,PEER_SUPERVISOR,SUPER_ADMIN,HEALTH_FACILITY_ADMIN,SECHN,MCHA,PROVIDER,CHA,MID_WIFE,LAB_ASSISTANT,SRN,FACILITY_REPORT_ADMIN,REPORT_ADMIN}','SPICE_SERVICE','API_PERMISSION',0,0),
	 ('POST','/patient/confirm-diagnosis','{CHW,PEER_SUPERVISOR,SUPER_ADMIN,HEALTH_FACILITY_ADMIN,SECHN,MCHA,PROVIDER,CHA,MID_WIFE,LAB_ASSISTANT,SRN,FACILITY_REPORT_ADMIN,REPORT_ADMIN}','SPICE_SERVICE','API_PERMISSION',0,0),
	 ('POST','/patient/diagnosis-details','{CHW,PEER_SUPERVISOR,SUPER_ADMIN,HEALTH_FACILITY_ADMIN,SECHN,MCHA,PROVIDER,CHA,MID_WIFE,LAB_ASSISTANT,SRN,FACILITY_REPORT_ADMIN,REPORT_ADMIN}','SPICE_SERVICE','API_PERMISSION',0,0),
	 ('POST','/patient/pregnancy/info','{CHW,PEER_SUPERVISOR,SUPER_ADMIN,HEALTH_FACILITY_ADMIN,SECHN,MCHA,PROVIDER,CHA,MID_WIFE,LAB_ASSISTANT,SRN,FACILITY_REPORT_ADMIN,REPORT_ADMIN}','SPICE_SERVICE','API_PERMISSION',0,0),
	 ('POST','/prescription-request/list','{CHW,PEER_SUPERVISOR,SUPER_ADMIN,HEALTH_FACILITY_ADMIN,SECHN,MCHA,PROVIDER,CHA,MID_WIFE,LAB_ASSISTANT,SRN,FACILITY_REPORT_ADMIN,REPORT_ADMIN}','SPICE_SERVICE','API_PERMISSION',0,0),
	 ('POST','/prescription-request/create','{CHW,PEER_SUPERVISOR,SUPER_ADMIN,HEALTH_FACILITY_ADMIN,SECHN,MCHA,PROVIDER,CHA,MID_WIFE,LAB_ASSISTANT,SRN,FACILITY_REPORT_ADMIN,REPORT_ADMIN}','SPICE_SERVICE','API_PERMISSION',0,0);
INSERT INTO public.api_role_permission ("method",api,roles,service_name,"type",created_by,updated_by) VALUES
	 ('POST','/prescription-request/remove','{CHW,PEER_SUPERVISOR,SUPER_ADMIN,HEALTH_FACILITY_ADMIN,SECHN,MCHA,PROVIDER,CHA,MID_WIFE,LAB_ASSISTANT,SRN,FACILITY_REPORT_ADMIN,REPORT_ADMIN}','SPICE_SERVICE','API_PERMISSION',0,0),
	 ('POST','/prescription-request/prescribed-details','{CHW,PEER_SUPERVISOR,SUPER_ADMIN,HEALTH_FACILITY_ADMIN,SECHN,MCHA,PROVIDER,CHA,MID_WIFE,LAB_ASSISTANT,SRN,FACILITY_REPORT_ADMIN,REPORT_ADMIN}','SPICE_SERVICE','API_PERMISSION',0,0),
	 ('POST','/prescription-request/history-list','{CHW,PEER_SUPERVISOR,SUPER_ADMIN,HEALTH_FACILITY_ADMIN,SECHN,MCHA,PROVIDER,CHA,MID_WIFE,LAB_ASSISTANT,SRN,FACILITY_REPORT_ADMIN,REPORT_ADMIN}','SPICE_SERVICE','API_PERMISSION',0,0),
	 ('POST','/report/chw-performance','{CHW,PEER_SUPERVISOR,SUPER_ADMIN,HEALTH_FACILITY_ADMIN,SECHN,MCHA,PROVIDER,CHA,MID_WIFE,LAB_ASSISTANT,SRN,FACILITY_REPORT_ADMIN,REPORT_ADMIN}','SPICE_SERVICE','API_PERMISSION',0,0),
	 ('POST','/static-data/user-data','{CHW,PEER_SUPERVISOR,SUPER_ADMIN,HEALTH_FACILITY_ADMIN,SECHN,MCHA,PROVIDER,CHA,MID_WIFE,LAB_ASSISTANT,SRN,FACILITY_REPORT_ADMIN,REPORT_ADMIN}','SPICE_SERVICE','API_PERMISSION',0,0),
	 ('POST','/static-data/form-data','{CHW,PEER_SUPERVISOR,SUPER_ADMIN,HEALTH_FACILITY_ADMIN,SECHN,MCHA,PROVIDER,CHA,MID_WIFE,LAB_ASSISTANT,SRN,FACILITY_REPORT_ADMIN,REPORT_ADMIN}','SPICE_SERVICE','API_PERMISSION',0,0),
	 ('POST','/static-data/meta-data','{CHW,PEER_SUPERVISOR,SUPER_ADMIN,HEALTH_FACILITY_ADMIN,SECHN,MCHA,PROVIDER,CHA,MID_WIFE,LAB_ASSISTANT,SRN,FACILITY_REPORT_ADMIN,REPORT_ADMIN}','SPICE_SERVICE','API_PERMISSION',0,0),
	 ('POST','/static-data/meta-data/iccm-abovefive','{CHW,PEER_SUPERVISOR,SUPER_ADMIN,HEALTH_FACILITY_ADMIN,SECHN,MCHA,PROVIDER,CHA,MID_WIFE,LAB_ASSISTANT,SRN,FACILITY_REPORT_ADMIN,REPORT_ADMIN}','SPICE_SERVICE','API_PERMISSION',0,0),
	 ('POST','/static-data/meta-data/iccm-under-two-months','{CHW,PEER_SUPERVISOR,SUPER_ADMIN,HEALTH_FACILITY_ADMIN,SECHN,MCHA,PROVIDER,CHA,MID_WIFE,LAB_ASSISTANT,SRN,FACILITY_REPORT_ADMIN,REPORT_ADMIN}','SPICE_SERVICE','API_PERMISSION',0,0),
	 ('POST','/static-data/meta-data/iccm-under-five-years','{CHW,PEER_SUPERVISOR,SUPER_ADMIN,HEALTH_FACILITY_ADMIN,SECHN,MCHA,PROVIDER,CHA,MID_WIFE,LAB_ASSISTANT,SRN,FACILITY_REPORT_ADMIN,REPORT_ADMIN}','SPICE_SERVICE','API_PERMISSION',0,0);
INSERT INTO public.api_role_permission ("method",api,roles,service_name,"type",created_by,updated_by) VALUES
	 ('POST','/static-data/meta-data/mother-neonate-anc','{CHW,PEER_SUPERVISOR,SUPER_ADMIN,HEALTH_FACILITY_ADMIN,SECHN,MCHA,PROVIDER,CHA,MID_WIFE,LAB_ASSISTANT,SRN,FACILITY_REPORT_ADMIN,REPORT_ADMIN}','SPICE_SERVICE','API_PERMISSION',0,0),
	 ('POST','/static-data/meta-data/mother-neonate-pnc-mother','{CHW,PEER_SUPERVISOR,SUPER_ADMIN,HEALTH_FACILITY_ADMIN,SECHN,MCHA,PROVIDER,CHA,MID_WIFE,LAB_ASSISTANT,SRN,FACILITY_REPORT_ADMIN,REPORT_ADMIN}','SPICE_SERVICE','API_PERMISSION',0,0),
	 ('POST','/static-data/meta-data/mother-neonate-pnc-baby','{CHW,PEER_SUPERVISOR,SUPER_ADMIN,HEALTH_FACILITY_ADMIN,SECHN,MCHA,PROVIDER,CHA,MID_WIFE,LAB_ASSISTANT,SRN,FACILITY_REPORT_ADMIN,REPORT_ADMIN}','SPICE_SERVICE','API_PERMISSION',0,0),
	 ('POST','/static-data/meta-data/mother-delivery','{CHW,PEER_SUPERVISOR,SUPER_ADMIN,HEALTH_FACILITY_ADMIN,SECHN,MCHA,PROVIDER,CHA,MID_WIFE,LAB_ASSISTANT,SRN,FACILITY_REPORT_ADMIN,REPORT_ADMIN}','SPICE_SERVICE','API_PERMISSION',0,0),
	 ('POST','/static-data/meta-data/users-and-facilities','{CHW,PEER_SUPERVISOR,SUPER_ADMIN,HEALTH_FACILITY_ADMIN,SECHN,MCHA,PROVIDER,CHA,MID_WIFE,LAB_ASSISTANT,SRN,FACILITY_REPORT_ADMIN,REPORT_ADMIN}','SPICE_SERVICE','API_PERMISSION',0,0),
	 ('POST','/static-data/patient/diagnosis','{CHW,PEER_SUPERVISOR,SUPER_ADMIN,HEALTH_FACILITY_ADMIN,SECHN,MCHA,PROVIDER,CHA,MID_WIFE,LAB_ASSISTANT,SRN,FACILITY_REPORT_ADMIN,REPORT_ADMIN}','SPICE_SERVICE','API_PERMISSION',0,0),
	 ('POST','/remove-token','{CHW,PEER_SUPERVISOR,SUPER_ADMIN,HEALTH_FACILITY_ADMIN,SECHN,MCHA,PROVIDER,CHA,MID_WIFE,LAB_ASSISTANT,SRN,FACILITY_REPORT_ADMIN,REPORT_ADMIN}','AUTH_SERVICE','API_PERMISSION',0,0),
	 ('POST','/users-remove-token','{CHW,PEER_SUPERVISOR,SUPER_ADMIN,HEALTH_FACILITY_ADMIN,SECHN,MCHA,PROVIDER,CHA,MID_WIFE,LAB_ASSISTANT,SRN,FACILITY_REPORT_ADMIN,REPORT_ADMIN}','AUTH_SERVICE','API_PERMISSION',0,0),
	 ('POST','/organization/create','{CHW,PEER_SUPERVISOR,SUPER_ADMIN,HEALTH_FACILITY_ADMIN,SECHN,MCHA,PROVIDER,CHA,MID_WIFE,LAB_ASSISTANT,SRN,FACILITY_REPORT_ADMIN,REPORT_ADMIN}','USER_SERVICE','API_PERMISSION',0,0),
	 ('PUT','/organization/update','{CHW,PEER_SUPERVISOR,SUPER_ADMIN,HEALTH_FACILITY_ADMIN,SECHN,MCHA,PROVIDER,CHA,MID_WIFE,LAB_ASSISTANT,SRN,FACILITY_REPORT_ADMIN,REPORT_ADMIN}','USER_SERVICE','API_PERMISSION',0,0);
INSERT INTO public.api_role_permission ("method",api,roles,service_name,"type",created_by,updated_by) VALUES
	 ('POST','/organization/details','{CHW,PEER_SUPERVISOR,SUPER_ADMIN,HEALTH_FACILITY_ADMIN,SECHN,MCHA,PROVIDER,CHA,MID_WIFE,LAB_ASSISTANT,SRN,FACILITY_REPORT_ADMIN,REPORT_ADMIN}','USER_SERVICE','API_PERMISSION',0,0),
	 ('PUT','/organization/delete','{CHW,PEER_SUPERVISOR,SUPER_ADMIN,HEALTH_FACILITY_ADMIN,SECHN,MCHA,PROVIDER,CHA,MID_WIFE,LAB_ASSISTANT,SRN,FACILITY_REPORT_ADMIN,REPORT_ADMIN}','USER_SERVICE','API_PERMISSION',0,0),
	 ('POST','/organization/add-user','{CHW,PEER_SUPERVISOR,SUPER_ADMIN,HEALTH_FACILITY_ADMIN,SECHN,MCHA,PROVIDER,CHA,MID_WIFE,LAB_ASSISTANT,SRN,FACILITY_REPORT_ADMIN,REPORT_ADMIN}','USER_SERVICE','API_PERMISSION',0,0),
	 ('POST','/organization/update-user','{CHW,PEER_SUPERVISOR,SUPER_ADMIN,HEALTH_FACILITY_ADMIN,SECHN,MCHA,PROVIDER,CHA,MID_WIFE,LAB_ASSISTANT,SRN,FACILITY_REPORT_ADMIN,REPORT_ADMIN}','USER_SERVICE','API_PERMISSION',0,0),
	 ('POST','/organization/remove-user','{CHW,PEER_SUPERVISOR,SUPER_ADMIN,HEALTH_FACILITY_ADMIN,SECHN,MCHA,PROVIDER,CHA,MID_WIFE,LAB_ASSISTANT,SRN,FACILITY_REPORT_ADMIN,REPORT_ADMIN}','USER_SERVICE','API_PERMISSION',0,0),
	 ('POST','/organization/create-country','{CHW,PEER_SUPERVISOR,SUPER_ADMIN,HEALTH_FACILITY_ADMIN,SECHN,MCHA,PROVIDER,CHA,MID_WIFE,LAB_ASSISTANT,SRN,FACILITY_REPORT_ADMIN,REPORT_ADMIN}','USER_SERVICE','API_PERMISSION',0,0),
	 ('POST','/organization/create-healthfacility','{CHW,PEER_SUPERVISOR,SUPER_ADMIN,HEALTH_FACILITY_ADMIN,SECHN,MCHA,PROVIDER,CHA,MID_WIFE,LAB_ASSISTANT,SRN,FACILITY_REPORT_ADMIN,REPORT_ADMIN}','USER_SERVICE','API_PERMISSION',0,0),
	 ('POST','/organization/delete-healthfacility','{CHW,PEER_SUPERVISOR,SUPER_ADMIN,HEALTH_FACILITY_ADMIN,SECHN,MCHA,PROVIDER,CHA,MID_WIFE,LAB_ASSISTANT,SRN,FACILITY_REPORT_ADMIN,REPORT_ADMIN}','USER_SERVICE','API_PERMISSION',0,0),
	 ('POST','/organization/update-healthfacility','{CHW,PEER_SUPERVISOR,SUPER_ADMIN,HEALTH_FACILITY_ADMIN,SECHN,MCHA,PROVIDER,CHA,MID_WIFE,LAB_ASSISTANT,SRN,FACILITY_REPORT_ADMIN,REPORT_ADMIN}','USER_SERVICE','API_PERMISSION',0,0),
	 ('POST','/user/create','{CHW,PEER_SUPERVISOR,SUPER_ADMIN,HEALTH_FACILITY_ADMIN,SECHN,MCHA,PROVIDER,CHA,MID_WIFE,LAB_ASSISTANT,SRN,FACILITY_REPORT_ADMIN,REPORT_ADMIN}','USER_SERVICE','API_PERMISSION',0,0);
INSERT INTO public.api_role_permission ("method",api,roles,service_name,"type",created_by,updated_by) VALUES
	 ('POST','/user/verify-token','{CHW,PEER_SUPERVISOR,SUPER_ADMIN,HEALTH_FACILITY_ADMIN,SECHN,MCHA,PROVIDER,CHA,MID_WIFE,LAB_ASSISTANT,SRN,FACILITY_REPORT_ADMIN,REPORT_ADMIN}','USER_SERVICE','API_PERMISSION',0,0),
	 ('POST','/user/details','{CHW,PEER_SUPERVISOR,SUPER_ADMIN,HEALTH_FACILITY_ADMIN,SECHN,MCHA,PROVIDER,CHA,MID_WIFE,LAB_ASSISTANT,SRN,FACILITY_REPORT_ADMIN,REPORT_ADMIN}','USER_SERVICE','API_PERMISSION',0,0),
	 ('POST','/user/validate-user','{CHW,PEER_SUPERVISOR,SUPER_ADMIN,HEALTH_FACILITY_ADMIN,SECHN,MCHA,PROVIDER,CHA,MID_WIFE,LAB_ASSISTANT,SRN,FACILITY_REPORT_ADMIN,REPORT_ADMIN}','USER_SERVICE','API_PERMISSION',0,0),
	 ('POST','/user/admin-users','{CHW,PEER_SUPERVISOR,SUPER_ADMIN,HEALTH_FACILITY_ADMIN,SECHN,MCHA,PROVIDER,CHA,MID_WIFE,LAB_ASSISTANT,SRN,FACILITY_REPORT_ADMIN,REPORT_ADMIN}','USER_SERVICE','API_PERMISSION',0,0),
	 ('POST','/user/mobile-users','{CHW,PEER_SUPERVISOR,SUPER_ADMIN,HEALTH_FACILITY_ADMIN,SECHN,MCHA,PROVIDER,CHA,MID_WIFE,LAB_ASSISTANT,SRN,FACILITY_REPORT_ADMIN,REPORT_ADMIN}','USER_SERVICE','API_PERMISSION',0,0),
	 ('POST','/user/users-by-tenant-id','{CHW,PEER_SUPERVISOR,SUPER_ADMIN,HEALTH_FACILITY_ADMIN,SECHN,MCHA,PROVIDER,CHA,MID_WIFE,LAB_ASSISTANT,SRN,FACILITY_REPORT_ADMIN,REPORT_ADMIN}','USER_SERVICE','API_PERMISSION',0,0),
	 ('POST','/user/super-admin/list','{CHW,PEER_SUPERVISOR,SUPER_ADMIN,HEALTH_FACILITY_ADMIN,SECHN,MCHA,PROVIDER,CHA,MID_WIFE,LAB_ASSISTANT,SRN,FACILITY_REPORT_ADMIN,REPORT_ADMIN}','USER_SERVICE','API_PERMISSION',0,0),
	 ('PUT','/user/super-admin/remove','{CHW,PEER_SUPERVISOR,SUPER_ADMIN,HEALTH_FACILITY_ADMIN,SECHN,MCHA,PROVIDER,CHA,MID_WIFE,LAB_ASSISTANT,SRN,FACILITY_REPORT_ADMIN,REPORT_ADMIN}','USER_SERVICE','API_PERMISSION',0,0),
	 ('POST','/user/super-admin/update','{CHW,PEER_SUPERVISOR,SUPER_ADMIN,HEALTH_FACILITY_ADMIN,SECHN,MCHA,PROVIDER,CHA,MID_WIFE,LAB_ASSISTANT,SRN,FACILITY_REPORT_ADMIN,REPORT_ADMIN}','USER_SERVICE','API_PERMISSION',0,0),
	 ('POST','/user/update','{CHW,PEER_SUPERVISOR,SUPER_ADMIN,HEALTH_FACILITY_ADMIN,SECHN,MCHA,PROVIDER,CHA,MID_WIFE,LAB_ASSISTANT,SRN,FACILITY_REPORT_ADMIN,REPORT_ADMIN}','USER_SERVICE','API_PERMISSION',0,0);
INSERT INTO public.api_role_permission ("method",api,roles,service_name,"type",created_by,updated_by) VALUES
	 ('POST','/user/unlock','{CHW,PEER_SUPERVISOR,SUPER_ADMIN,HEALTH_FACILITY_ADMIN,SECHN,MCHA,PROVIDER,CHA,MID_WIFE,LAB_ASSISTANT,SRN,FACILITY_REPORT_ADMIN,REPORT_ADMIN}','USER_SERVICE','API_PERMISSION',0,0),
	 ('POST','/user/super-admin/create','{CHW,PEER_SUPERVISOR,SUPER_ADMIN,HEALTH_FACILITY_ADMIN,SECHN,MCHA,PROVIDER,CHA,MID_WIFE,LAB_ASSISTANT,SRN,FACILITY_REPORT_ADMIN,REPORT_ADMIN}','USER_SERVICE','API_PERMISSION',0,0),
	 ('POST','/user/change-password','{CHW,PEER_SUPERVISOR,SUPER_ADMIN,HEALTH_FACILITY_ADMIN,SECHN,MCHA,PROVIDER,CHA,MID_WIFE,LAB_ASSISTANT,SRN,FACILITY_REPORT_ADMIN,REPORT_ADMIN}','USER_SERVICE','API_PERMISSION',0,0),
	 ('POST','/user/change-user-password','{CHW,PEER_SUPERVISOR,SUPER_ADMIN,HEALTH_FACILITY_ADMIN,SECHN,MCHA,PROVIDER,CHA,MID_WIFE,LAB_ASSISTANT,SRN,FACILITY_REPORT_ADMIN,REPORT_ADMIN}','USER_SERVICE','API_PERMISSION',0,0),
	 ('POST','/user/roles-list','{CHW,PEER_SUPERVISOR,SUPER_ADMIN,HEALTH_FACILITY_ADMIN,SECHN,MCHA,PROVIDER,CHA,MID_WIFE,LAB_ASSISTANT,SRN,FACILITY_REPORT_ADMIN,REPORT_ADMIN}','USER_SERVICE','API_PERMISSION',0,0),
	 ('POST','/user/user-villages','{CHW,PEER_SUPERVISOR,SUPER_ADMIN,HEALTH_FACILITY_ADMIN,SECHN,MCHA,PROVIDER,CHA,MID_WIFE,LAB_ASSISTANT,SRN,FACILITY_REPORT_ADMIN,REPORT_ADMIN}','USER_SERVICE','API_PERMISSION',0,0),
	 ('POST','/user/validate-phonenumber','{CHW,PEER_SUPERVISOR,SUPER_ADMIN,HEALTH_FACILITY_ADMIN,SECHN,MCHA,PROVIDER,CHA,MID_WIFE,LAB_ASSISTANT,SRN,FACILITY_REPORT_ADMIN,REPORT_ADMIN}','USER_SERVICE','API_PERMISSION',0,0),
	 ('POST','/user/peer-supervisors','{CHW,PEER_SUPERVISOR,SUPER_ADMIN,HEALTH_FACILITY_ADMIN,SECHN,MCHA,PROVIDER,CHA,MID_WIFE,LAB_ASSISTANT,SRN,FACILITY_REPORT_ADMIN,REPORT_ADMIN}','USER_SERVICE','API_PERMISSION',0,0),
	 ('POST','/user/tenant-peer-supervisors','{CHW,PEER_SUPERVISOR,SUPER_ADMIN,HEALTH_FACILITY_ADMIN,SECHN,MCHA,PROVIDER,CHA,MID_WIFE,LAB_ASSISTANT,SRN,FACILITY_REPORT_ADMIN,REPORT_ADMIN}','USER_SERVICE','API_PERMISSION',0,0),
	 ('POST','/user/validate-peer-supervisors','{CHW,PEER_SUPERVISOR,SUPER_ADMIN,HEALTH_FACILITY_ADMIN,SECHN,MCHA,PROVIDER,CHA,MID_WIFE,LAB_ASSISTANT,SRN,FACILITY_REPORT_ADMIN,REPORT_ADMIN}','USER_SERVICE','API_PERMISSION',0,0);
INSERT INTO public.api_role_permission ("method",api,roles,service_name,"type",created_by,updated_by) VALUES
	 ('POST','/user/forgot-password/sms','{CHW,PEER_SUPERVISOR,SUPER_ADMIN,HEALTH_FACILITY_ADMIN,SECHN,MCHA,PROVIDER,CHA,MID_WIFE,LAB_ASSISTANT,SRN,FACILITY_REPORT_ADMIN,REPORT_ADMIN}','USER_SERVICE','API_PERMISSION',0,0),
	 ('GET','/user/peer-supervisor/linked-chw','{CHW,PEER_SUPERVISOR,SUPER_ADMIN,HEALTH_FACILITY_ADMIN,SECHN,MCHA,PROVIDER,CHA,MID_WIFE,LAB_ASSISTANT,SRN,FACILITY_REPORT_ADMIN,REPORT_ADMIN}','USER_SERVICE','API_PERMISSION',0,0),
	 ('POST','/user/peer-supervisor/chw-list','{CHW,PEER_SUPERVISOR,SUPER_ADMIN,HEALTH_FACILITY_ADMIN,SECHN,MCHA,PROVIDER,CHA,MID_WIFE,LAB_ASSISTANT,SRN,FACILITY_REPORT_ADMIN,REPORT_ADMIN}','USER_SERVICE','API_PERMISSION',0,0),
	 ('POST','/user/preferences','{CHW,PEER_SUPERVISOR,SUPER_ADMIN,HEALTH_FACILITY_ADMIN,SECHN,MCHA,PROVIDER,CHA,MID_WIFE,LAB_ASSISTANT,SRN,FACILITY_REPORT_ADMIN,REPORT_ADMIN}','USER_SERVICE','API_PERMISSION',0,0),
	 ('POST','/user/preferences/save','{CHW,PEER_SUPERVISOR,SUPER_ADMIN,HEALTH_FACILITY_ADMIN,SECHN,MCHA,PROVIDER,CHA,MID_WIFE,LAB_ASSISTANT,SRN,FACILITY_REPORT_ADMIN,REPORT_ADMIN}','USER_SERVICE','API_PERMISSION',0,0),
	 ('POST','/offline-sync/create','{CHW,PEER_SUPERVISOR,SUPER_ADMIN,HEALTH_FACILITY_ADMIN,SECHN,MCHA,PROVIDER,CHA,MID_WIFE,LAB_ASSISTANT,SRN,FACILITY_REPORT_ADMIN,REPORT_ADMIN}','OFFLINE_SERVICE','API_PERMISSION',0,0),
	 ('POST','/offline-sync/generate-response','{CHW,PEER_SUPERVISOR,SUPER_ADMIN,HEALTH_FACILITY_ADMIN,SECHN,MCHA,PROVIDER,CHA,MID_WIFE,LAB_ASSISTANT,SRN,FACILITY_REPORT_ADMIN,REPORT_ADMIN}','OFFLINE_SERVICE','API_PERMISSION',0,0),
	 ('POST','/offline-sync/status','{CHW,PEER_SUPERVISOR,SUPER_ADMIN,HEALTH_FACILITY_ADMIN,SECHN,MCHA,PROVIDER,CHA,MID_WIFE,LAB_ASSISTANT,SRN,FACILITY_REPORT_ADMIN,REPORT_ADMIN}','OFFLINE_SERVICE','API_PERMISSION',0,0),
	 ('GET','/offline-sync/get-json-file','{CHW,PEER_SUPERVISOR,SUPER_ADMIN,HEALTH_FACILITY_ADMIN,SECHN,MCHA,PROVIDER,CHA,MID_WIFE,LAB_ASSISTANT,SRN,FACILITY_REPORT_ADMIN,REPORT_ADMIN}','OFFLINE_SERVICE','API_PERMISSION',0,0),
	 ('POST','/offline-sync/fetch-synced-data','{CHW,PEER_SUPERVISOR,SUPER_ADMIN,HEALTH_FACILITY_ADMIN,SECHN,MCHA,PROVIDER,CHA,MID_WIFE,LAB_ASSISTANT,SRN,FACILITY_REPORT_ADMIN,REPORT_ADMIN}','OFFLINE_SERVICE','API_PERMISSION',0,0);
INSERT INTO public.api_role_permission ("method",api,roles,service_name,"type",created_by,updated_by) VALUES
	 ('POST','/offline-sync//upload-signatures','{CHW,PEER_SUPERVISOR,SUPER_ADMIN,HEALTH_FACILITY_ADMIN,SECHN,MCHA,PROVIDER,CHA,MID_WIFE,LAB_ASSISTANT,SRN,FACILITY_REPORT_ADMIN,REPORT_ADMIN}','OFFLINE_SERVICE','API_PERMISSION',0,0),
	 ('POST','/assessment/create','{CHW,PEER_SUPERVISOR,SUPER_ADMIN,HEALTH_FACILITY_ADMIN,SECHN,MCHA,PROVIDER,CHA,MID_WIFE,LAB_ASSISTANT,SRN,FACILITY_REPORT_ADMIN,REPORT_ADMIN}','FHIR_MAPPER_SERVICE','API_PERMISSION',0,0),
	 ('POST','/assessment/tb/create','{CHW,PEER_SUPERVISOR,SUPER_ADMIN,HEALTH_FACILITY_ADMIN,SECHN,MCHA,PROVIDER,CHA,MID_WIFE,LAB_ASSISTANT,SRN,FACILITY_REPORT_ADMIN,REPORT_ADMIN}','FHIR_MAPPER_SERVICE','API_PERMISSION',0,0),
	 ('POST','/household/create','{CHW,PEER_SUPERVISOR,SUPER_ADMIN,HEALTH_FACILITY_ADMIN,SECHN,MCHA,PROVIDER,CHA,MID_WIFE,LAB_ASSISTANT,SRN,FACILITY_REPORT_ADMIN,REPORT_ADMIN}','FHIR_MAPPER_SERVICE','API_PERMISSION',0,0),
	 ('GET','/household','{CHW,PEER_SUPERVISOR,SUPER_ADMIN,HEALTH_FACILITY_ADMIN,SECHN,MCHA,PROVIDER,CHA,MID_WIFE,LAB_ASSISTANT,SRN,FACILITY_REPORT_ADMIN,REPORT_ADMIN}','FHIR_MAPPER_SERVICE','API_PERMISSION',0,0),
	 ('POST','/household/create-member','{CHW,PEER_SUPERVISOR,SUPER_ADMIN,HEALTH_FACILITY_ADMIN,SECHN,MCHA,PROVIDER,CHA,MID_WIFE,LAB_ASSISTANT,SRN,FACILITY_REPORT_ADMIN,REPORT_ADMIN}','FHIR_MAPPER_SERVICE','API_PERMISSION',0,0),
	 ('POST','/household/update','{CHW,PEER_SUPERVISOR,SUPER_ADMIN,HEALTH_FACILITY_ADMIN,SECHN,MCHA,PROVIDER,CHA,MID_WIFE,LAB_ASSISTANT,SRN,FACILITY_REPORT_ADMIN,REPORT_ADMIN}','FHIR_MAPPER_SERVICE','API_PERMISSION',0,0),
	 ('POST','/household/update-member','{CHW,PEER_SUPERVISOR,SUPER_ADMIN,HEALTH_FACILITY_ADMIN,SECHN,MCHA,PROVIDER,CHA,MID_WIFE,LAB_ASSISTANT,SRN,FACILITY_REPORT_ADMIN,REPORT_ADMIN}','FHIR_MAPPER_SERVICE','API_PERMISSION',0,0),
	 ('POST','/household/list','{CHW,PEER_SUPERVISOR,SUPER_ADMIN,HEALTH_FACILITY_ADMIN,SECHN,MCHA,PROVIDER,CHA,MID_WIFE,LAB_ASSISTANT,SRN,FACILITY_REPORT_ADMIN,REPORT_ADMIN}','FHIR_MAPPER_SERVICE','API_PERMISSION',0,0),
	 ('POST','/household/member/list','{CHW,PEER_SUPERVISOR,SUPER_ADMIN,HEALTH_FACILITY_ADMIN,SECHN,MCHA,PROVIDER,CHA,MID_WIFE,LAB_ASSISTANT,SRN,FACILITY_REPORT_ADMIN,REPORT_ADMIN}','FHIR_MAPPER_SERVICE','API_PERMISSION',0,0);
INSERT INTO public.api_role_permission ("method",api,roles,service_name,"type",created_by,updated_by) VALUES
	 ('POST','/household/sequence','{CHW,PEER_SUPERVISOR,SUPER_ADMIN,HEALTH_FACILITY_ADMIN,SECHN,MCHA,PROVIDER,CHA,MID_WIFE,LAB_ASSISTANT,SRN,FACILITY_REPORT_ADMIN,REPORT_ADMIN}','FHIR_MAPPER_SERVICE','API_PERMISSION',0,0),
	 ('POST','/household/member/sequence','{CHW,PEER_SUPERVISOR,SUPER_ADMIN,HEALTH_FACILITY_ADMIN,SECHN,MCHA,PROVIDER,CHA,MID_WIFE,LAB_ASSISTANT,SRN,FACILITY_REPORT_ADMIN,REPORT_ADMIN}','FHIR_MAPPER_SERVICE','API_PERMISSION',0,0),
	 ('POST','/household/member/id','{CHW,PEER_SUPERVISOR,SUPER_ADMIN,HEALTH_FACILITY_ADMIN,SECHN,MCHA,PROVIDER,CHA,MID_WIFE,LAB_ASSISTANT,SRN,FACILITY_REPORT_ADMIN,REPORT_ADMIN}','FHIR_MAPPER_SERVICE','API_PERMISSION',0,0),
	 ('POST','/household/member/patient-id','{CHW,PEER_SUPERVISOR,SUPER_ADMIN,HEALTH_FACILITY_ADMIN,SECHN,MCHA,PROVIDER,CHA,MID_WIFE,LAB_ASSISTANT,SRN,FACILITY_REPORT_ADMIN,REPORT_ADMIN}','FHIR_MAPPER_SERVICE','API_PERMISSION',0,0),
	 ('POST','/household/member/update-signature','{CHW,PEER_SUPERVISOR,SUPER_ADMIN,HEALTH_FACILITY_ADMIN,SECHN,MCHA,PROVIDER,CHA,MID_WIFE,LAB_ASSISTANT,SRN,FACILITY_REPORT_ADMIN,REPORT_ADMIN}','FHIR_MAPPER_SERVICE','API_PERMISSION',0,0),
	 ('POST','/investigation/create','{CHW,PEER_SUPERVISOR,SUPER_ADMIN,HEALTH_FACILITY_ADMIN,SECHN,MCHA,PROVIDER,CHA,MID_WIFE,LAB_ASSISTANT,SRN,FACILITY_REPORT_ADMIN,REPORT_ADMIN}','FHIR_MAPPER_SERVICE','API_PERMISSION',0,0),
	 ('POST','/investigation/list','{CHW,PEER_SUPERVISOR,SUPER_ADMIN,HEALTH_FACILITY_ADMIN,SECHN,MCHA,PROVIDER,CHA,MID_WIFE,LAB_ASSISTANT,SRN,FACILITY_REPORT_ADMIN,REPORT_ADMIN}','FHIR_MAPPER_SERVICE','API_PERMISSION',0,0),
	 ('POST','/investigation/remove','{CHW,PEER_SUPERVISOR,SUPER_ADMIN,HEALTH_FACILITY_ADMIN,SECHN,MCHA,PROVIDER,CHA,MID_WIFE,LAB_ASSISTANT,SRN,FACILITY_REPORT_ADMIN,REPORT_ADMIN}','FHIR_MAPPER_SERVICE','API_PERMISSION',0,0),
	 ('POST','/investigation/history-list','{CHW,PEER_SUPERVISOR,SUPER_ADMIN,HEALTH_FACILITY_ADMIN,SECHN,MCHA,PROVIDER,CHA,MID_WIFE,LAB_ASSISTANT,SRN,FACILITY_REPORT_ADMIN,REPORT_ADMIN}','FHIR_MAPPER_SERVICE','API_PERMISSION',0,0),
	 ('POST','/medical-review/iccm-general/create','{CHW,PEER_SUPERVISOR,SUPER_ADMIN,HEALTH_FACILITY_ADMIN,SECHN,MCHA,PROVIDER,CHA,MID_WIFE,LAB_ASSISTANT,SRN,FACILITY_REPORT_ADMIN,REPORT_ADMIN}','FHIR_MAPPER_SERVICE','API_PERMISSION',0,0);
INSERT INTO public.api_role_permission ("method",api,roles,service_name,"type",created_by,updated_by) VALUES
	 ('POST','/medical-review/iccm-general/details','{CHW,PEER_SUPERVISOR,SUPER_ADMIN,HEALTH_FACILITY_ADMIN,SECHN,MCHA,PROVIDER,CHA,MID_WIFE,LAB_ASSISTANT,SRN,FACILITY_REPORT_ADMIN,REPORT_ADMIN}','FHIR_MAPPER_SERVICE','API_PERMISSION',0,0),
	 ('POST','/medical-review/iccm-under-2months/create','{CHW,PEER_SUPERVISOR,SUPER_ADMIN,HEALTH_FACILITY_ADMIN,SECHN,MCHA,PROVIDER,CHA,MID_WIFE,LAB_ASSISTANT,SRN,FACILITY_REPORT_ADMIN,REPORT_ADMIN}','FHIR_MAPPER_SERVICE','API_PERMISSION',0,0),
	 ('POST','/medical-review/iccm-under-2months/details','{CHW,PEER_SUPERVISOR,SUPER_ADMIN,HEALTH_FACILITY_ADMIN,SECHN,MCHA,PROVIDER,CHA,MID_WIFE,LAB_ASSISTANT,SRN,FACILITY_REPORT_ADMIN,REPORT_ADMIN}','FHIR_MAPPER_SERVICE','API_PERMISSION',0,0),
	 ('POST','/medical-review/iccm-under-5years/create','{CHW,PEER_SUPERVISOR,SUPER_ADMIN,HEALTH_FACILITY_ADMIN,SECHN,MCHA,PROVIDER,CHA,MID_WIFE,LAB_ASSISTANT,SRN,FACILITY_REPORT_ADMIN,REPORT_ADMIN}','FHIR_MAPPER_SERVICE','API_PERMISSION',0,0),
	 ('POST','/medical-review/iccm-under-5years/details','{CHW,PEER_SUPERVISOR,SUPER_ADMIN,HEALTH_FACILITY_ADMIN,SECHN,MCHA,PROVIDER,CHA,MID_WIFE,LAB_ASSISTANT,SRN,FACILITY_REPORT_ADMIN,REPORT_ADMIN}','FHIR_MAPPER_SERVICE','API_PERMISSION',0,0),
	 ('POST','/medical-review/summary-create','{CHW,PEER_SUPERVISOR,SUPER_ADMIN,HEALTH_FACILITY_ADMIN,SECHN,MCHA,PROVIDER,CHA,MID_WIFE,LAB_ASSISTANT,SRN,FACILITY_REPORT_ADMIN,REPORT_ADMIN}','FHIR_MAPPER_SERVICE','API_PERMISSION',0,0),
	 ('POST','/medical-review/medical-review/mother-neonate/summary-create','{CHW,PEER_SUPERVISOR,SUPER_ADMIN,HEALTH_FACILITY_ADMIN,SECHN,MCHA,PROVIDER,CHA,MID_WIFE,LAB_ASSISTANT,SRN,FACILITY_REPORT_ADMIN,REPORT_ADMIN}','FHIR_MAPPER_SERVICE','API_PERMISSION',0,0),
	 ('POST','/medical-review/history','{CHW,PEER_SUPERVISOR,SUPER_ADMIN,HEALTH_FACILITY_ADMIN,SECHN,MCHA,PROVIDER,CHA,MID_WIFE,LAB_ASSISTANT,SRN,FACILITY_REPORT_ADMIN,REPORT_ADMIN}','FHIR_MAPPER_SERVICE','API_PERMISSION',0,0),
	 ('POST','/medical-review/pnc-history','{CHW,PEER_SUPERVISOR,SUPER_ADMIN,HEALTH_FACILITY_ADMIN,SECHN,MCHA,PROVIDER,CHA,MID_WIFE,LAB_ASSISTANT,SRN,FACILITY_REPORT_ADMIN,REPORT_ADMIN}','FHIR_MAPPER_SERVICE','API_PERMISSION',0,0),
	 ('POST','/medical-review/anc-pregnancy/create','{CHW,PEER_SUPERVISOR,SUPER_ADMIN,HEALTH_FACILITY_ADMIN,SECHN,MCHA,PROVIDER,CHA,MID_WIFE,LAB_ASSISTANT,SRN,FACILITY_REPORT_ADMIN,REPORT_ADMIN}','FHIR_MAPPER_SERVICE','API_PERMISSION',0,0);
INSERT INTO public.api_role_permission ("method",api,roles,service_name,"type",created_by,updated_by) VALUES
	 ('POST','/medical-review/anc-pregnancy/details','{CHW,PEER_SUPERVISOR,SUPER_ADMIN,HEALTH_FACILITY_ADMIN,SECHN,MCHA,PROVIDER,CHA,MID_WIFE,LAB_ASSISTANT,SRN,FACILITY_REPORT_ADMIN,REPORT_ADMIN}','FHIR_MAPPER_SERVICE','API_PERMISSION',0,0),
	 ('POST','/medical-review/pnc/create','{CHW,PEER_SUPERVISOR,SUPER_ADMIN,HEALTH_FACILITY_ADMIN,SECHN,MCHA,PROVIDER,CHA,MID_WIFE,LAB_ASSISTANT,SRN,FACILITY_REPORT_ADMIN,REPORT_ADMIN}','FHIR_MAPPER_SERVICE','API_PERMISSION',0,0),
	 ('POST','/medical-review/pnc/details','{CHW,PEER_SUPERVISOR,SUPER_ADMIN,HEALTH_FACILITY_ADMIN,SECHN,MCHA,PROVIDER,CHA,MID_WIFE,LAB_ASSISTANT,SRN,FACILITY_REPORT_ADMIN,REPORT_ADMIN}','FHIR_MAPPER_SERVICE','API_PERMISSION',0,0),
	 ('POST','/medical-review/labour-mother-neonate/create','{CHW,PEER_SUPERVISOR,SUPER_ADMIN,HEALTH_FACILITY_ADMIN,SECHN,MCHA,PROVIDER,CHA,MID_WIFE,LAB_ASSISTANT,SRN,FACILITY_REPORT_ADMIN,REPORT_ADMIN}','FHIR_MAPPER_SERVICE','API_PERMISSION',0,0),
	 ('POST','/medical-review/labour-mother-neonate/details','{CHW,PEER_SUPERVISOR,SUPER_ADMIN,HEALTH_FACILITY_ADMIN,SECHN,MCHA,PROVIDER,CHA,MID_WIFE,LAB_ASSISTANT,SRN,FACILITY_REPORT_ADMIN,REPORT_ADMIN}','FHIR_MAPPER_SERVICE','API_PERMISSION',0,0),
	 ('POST','/medical-review/bp/create','{CHW,PEER_SUPERVISOR,SUPER_ADMIN,HEALTH_FACILITY_ADMIN,SECHN,MCHA,PROVIDER,CHA,MID_WIFE,LAB_ASSISTANT,SRN,FACILITY_REPORT_ADMIN,REPORT_ADMIN}','FHIR_MAPPER_SERVICE','API_PERMISSION',0,0),
	 ('POST','/medical-review/weight/create','{CHW,PEER_SUPERVISOR,SUPER_ADMIN,HEALTH_FACILITY_ADMIN,SECHN,MCHA,PROVIDER,CHA,MID_WIFE,LAB_ASSISTANT,SRN,FACILITY_REPORT_ADMIN,REPORT_ADMIN}','FHIR_MAPPER_SERVICE','API_PERMISSION',0,0),
	 ('POST','/medical-review/weight','{CHW,PEER_SUPERVISOR,SUPER_ADMIN,HEALTH_FACILITY_ADMIN,SECHN,MCHA,PROVIDER,CHA,MID_WIFE,LAB_ASSISTANT,SRN,FACILITY_REPORT_ADMIN,REPORT_ADMIN}','FHIR_MAPPER_SERVICE','API_PERMISSION',0,0),
	 ('POST','/medical-review/bp','{CHW,PEER_SUPERVISOR,SUPER_ADMIN,HEALTH_FACILITY_ADMIN,SECHN,MCHA,PROVIDER,CHA,MID_WIFE,LAB_ASSISTANT,SRN,FACILITY_REPORT_ADMIN,REPORT_ADMIN}','FHIR_MAPPER_SERVICE','API_PERMISSION',0,0),
	 ('POST','/medical-review/birth-history','{CHW,PEER_SUPERVISOR,SUPER_ADMIN,HEALTH_FACILITY_ADMIN,SECHN,MCHA,PROVIDER,CHA,MID_WIFE,LAB_ASSISTANT,SRN,FACILITY_REPORT_ADMIN,REPORT_ADMIN}','FHIR_MAPPER_SERVICE','API_PERMISSION',0,0);
INSERT INTO public.api_role_permission ("method",api,roles,service_name,"type",created_by,updated_by) VALUES
	 ('POST','/patient/create','{CHW,PEER_SUPERVISOR,SUPER_ADMIN,HEALTH_FACILITY_ADMIN,SECHN,MCHA,PROVIDER,CHA,MID_WIFE,LAB_ASSISTANT,SRN,FACILITY_REPORT_ADMIN,REPORT_ADMIN}','FHIR_MAPPER_SERVICE','API_PERMISSION',0,0),
	 ('POST','/country/create','{SUPER_ADMIN}','ADMIN_SERVICE','API_PERMISSION',0,0),
	 ('GET','/','{REPORT_ADMIN,FACILITY_REPORT_ADMIN,HF4_REPORT_USER}','CFR_SERVICE','API_PERMISSION',0,0),
	 ('POST','/patient/list','{CHW,PEER_SUPERVISOR,SUPER_ADMIN,HEALTH_FACILITY_ADMIN,SECHN,MCHA,PROVIDER,CHA,MID_WIFE,LAB_ASSISTANT,SRN,FACILITY_REPORT_ADMIN,REPORT_ADMIN}','FHIR_MAPPER_SERVICE','API_PERMISSION',0,0),
	 ('POST','/patient/patientDetails','{CHW,PEER_SUPERVISOR,SUPER_ADMIN,HEALTH_FACILITY_ADMIN,SECHN,MCHA,PROVIDER,CHA,MID_WIFE,LAB_ASSISTANT,SRN,FACILITY_REPORT_ADMIN,REPORT_ADMIN}','FHIR_MAPPER_SERVICE','API_PERMISSION',0,0),
	 ('POST','/patient/search','{CHW,PEER_SUPERVISOR,SUPER_ADMIN,HEALTH_FACILITY_ADMIN,SECHN,MCHA,PROVIDER,CHA,MID_WIFE,LAB_ASSISTANT,SRN,FACILITY_REPORT_ADMIN,REPORT_ADMIN}','FHIR_MAPPER_SERVICE','API_PERMISSION',0,0),
	 ('POST','/patient/patient-status','{CHW,PEER_SUPERVISOR,SUPER_ADMIN,HEALTH_FACILITY_ADMIN,SECHN,MCHA,PROVIDER,CHA,MID_WIFE,LAB_ASSISTANT,SRN,FACILITY_REPORT_ADMIN,REPORT_ADMIN}','FHIR_MAPPER_SERVICE','API_PERMISSION',0,0),
	 ('POST','/patient/update-patient-status','{CHW,PEER_SUPERVISOR,SUPER_ADMIN,HEALTH_FACILITY_ADMIN,SECHN,MCHA,PROVIDER,CHA,MID_WIFE,LAB_ASSISTANT,SRN,FACILITY_REPORT_ADMIN,REPORT_ADMIN}','FHIR_MAPPER_SERVICE','API_PERMISSION',0,0),
	 ('POST','/patient/referral-tickets/create','{CHW,PEER_SUPERVISOR,SUPER_ADMIN,HEALTH_FACILITY_ADMIN,SECHN,MCHA,PROVIDER,CHA,MID_WIFE,LAB_ASSISTANT,SRN,FACILITY_REPORT_ADMIN,REPORT_ADMIN}','FHIR_MAPPER_SERVICE','API_PERMISSION',0,0),
	 ('POST','/patient/referral-tickets','{CHW,PEER_SUPERVISOR,SUPER_ADMIN,HEALTH_FACILITY_ADMIN,SECHN,MCHA,PROVIDER,CHA,MID_WIFE,LAB_ASSISTANT,SRN,FACILITY_REPORT_ADMIN,REPORT_ADMIN}','FHIR_MAPPER_SERVICE','API_PERMISSION',0,0);
INSERT INTO public.api_role_permission ("method",api,roles,service_name,"type",created_by,updated_by) VALUES
	 ('POST','/patient/confirm-diagnosis','{CHW,PEER_SUPERVISOR,SUPER_ADMIN,HEALTH_FACILITY_ADMIN,SECHN,MCHA,PROVIDER,CHA,MID_WIFE,LAB_ASSISTANT,SRN,FACILITY_REPORT_ADMIN,REPORT_ADMIN}','FHIR_MAPPER_SERVICE','API_PERMISSION',0,0),
	 ('POST','/patient/diagnosis-details','{CHW,PEER_SUPERVISOR,SUPER_ADMIN,HEALTH_FACILITY_ADMIN,SECHN,MCHA,PROVIDER,CHA,MID_WIFE,LAB_ASSISTANT,SRN,FACILITY_REPORT_ADMIN,REPORT_ADMIN}','FHIR_MAPPER_SERVICE','API_PERMISSION',0,0),
	 ('POST','/patient/pregnancy/info','{CHW,PEER_SUPERVISOR,SUPER_ADMIN,HEALTH_FACILITY_ADMIN,SECHN,MCHA,PROVIDER,CHA,MID_WIFE,LAB_ASSISTANT,SRN,FACILITY_REPORT_ADMIN,REPORT_ADMIN}','FHIR_MAPPER_SERVICE','API_PERMISSION',0,0),
	 ('POST','/patient/referral-tickets/update','{CHW,PEER_SUPERVISOR,SUPER_ADMIN,HEALTH_FACILITY_ADMIN,SECHN,MCHA,PROVIDER,CHA,MID_WIFE,LAB_ASSISTANT,SRN,FACILITY_REPORT_ADMIN,REPORT_ADMIN}','FHIR_MAPPER_SERVICE','API_PERMISSION',0,0),
	 ('POST','/patient/get-patient-vitals','{CHW,PEER_SUPERVISOR,SUPER_ADMIN,HEALTH_FACILITY_ADMIN,SECHN,MCHA,PROVIDER,CHA,MID_WIFE,LAB_ASSISTANT,SRN,FACILITY_REPORT_ADMIN,REPORT_ADMIN}','FHIR_MAPPER_SERVICE','API_PERMISSION',0,0),
	 ('POST','/prescription-request/list','{CHW,PEER_SUPERVISOR,SUPER_ADMIN,HEALTH_FACILITY_ADMIN,SECHN,MCHA,PROVIDER,CHA,MID_WIFE,LAB_ASSISTANT,SRN,FACILITY_REPORT_ADMIN,REPORT_ADMIN}','FHIR_MAPPER_SERVICE','API_PERMISSION',0,0),
	 ('POST','/prescription-request/update','{CHW,PEER_SUPERVISOR,SUPER_ADMIN,HEALTH_FACILITY_ADMIN,SECHN,MCHA,PROVIDER,CHA,MID_WIFE,LAB_ASSISTANT,SRN,FACILITY_REPORT_ADMIN,REPORT_ADMIN}','FHIR_MAPPER_SERVICE','API_PERMISSION',0,0),
	 ('POST','/prescription-request/remove','{CHW,PEER_SUPERVISOR,SUPER_ADMIN,HEALTH_FACILITY_ADMIN,SECHN,MCHA,PROVIDER,CHA,MID_WIFE,LAB_ASSISTANT,SRN,FACILITY_REPORT_ADMIN,REPORT_ADMIN}','FHIR_MAPPER_SERVICE','API_PERMISSION',0,0),
	 ('POST','/prescription-request/prescribed-details','{CHW,PEER_SUPERVISOR,SUPER_ADMIN,HEALTH_FACILITY_ADMIN,SECHN,MCHA,PROVIDER,CHA,MID_WIFE,LAB_ASSISTANT,SRN,FACILITY_REPORT_ADMIN,REPORT_ADMIN}','FHIR_MAPPER_SERVICE','API_PERMISSION',0,0),
	 ('POST','/prescription-request/history-list','{CHW,PEER_SUPERVISOR,SUPER_ADMIN,HEALTH_FACILITY_ADMIN,SECHN,MCHA,PROVIDER,CHA,MID_WIFE,LAB_ASSISTANT,SRN,FACILITY_REPORT_ADMIN,REPORT_ADMIN}','FHIR_MAPPER_SERVICE','API_PERMISSION',0,0);
INSERT INTO public.api_role_permission ("method",api,roles,service_name,"type",created_by,updated_by) VALUES
	 ('POST','/report/chw-performance','{CHW,PEER_SUPERVISOR,SUPER_ADMIN,HEALTH_FACILITY_ADMIN,SECHN,MCHA,PROVIDER,CHA,MID_WIFE,LAB_ASSISTANT,SRN,FACILITY_REPORT_ADMIN,REPORT_ADMIN}','FHIR_MAPPER_SERVICE','API_PERMISSION',0,0),
	 ('POST','/user/create','{CHW,PEER_SUPERVISOR,SUPER_ADMIN,HEALTH_FACILITY_ADMIN,SECHN,MCHA,PROVIDER,CHA,MID_WIFE,LAB_ASSISTANT,SRN,FACILITY_REPORT_ADMIN,REPORT_ADMIN}','FHIR_MAPPER_SERVICE','API_PERMISSION',0,0),
	 ('POST','/organization/create','{CHW,PEER_SUPERVISOR,SUPER_ADMIN,HEALTH_FACILITY_ADMIN,SECHN,MCHA,PROVIDER,CHA,MID_WIFE,LAB_ASSISTANT,SRN,FACILITY_REPORT_ADMIN,REPORT_ADMIN}','FHIR_MAPPER_SERVICE','API_PERMISSION',0,0),
	 ('POST','/user/update','{CHW,PEER_SUPERVISOR,SUPER_ADMIN,HEALTH_FACILITY_ADMIN,SECHN,MCHA,PROVIDER,CHA,MID_WIFE,LAB_ASSISTANT,SRN,FACILITY_REPORT_ADMIN,REPORT_ADMIN}','FHIR_MAPPER_SERVICE','API_PERMISSION',0,0),
	 ('POST','/organization/update','{CHW,PEER_SUPERVISOR,SUPER_ADMIN,HEALTH_FACILITY_ADMIN,SECHN,MCHA,PROVIDER,CHA,MID_WIFE,LAB_ASSISTANT,SRN,FACILITY_REPORT_ADMIN,REPORT_ADMIN}','FHIR_MAPPER_SERVICE','API_PERMISSION',0,0),
	 ('POST','/user/delete','{CHW,PEER_SUPERVISOR,SUPER_ADMIN,HEALTH_FACILITY_ADMIN,SECHN,MCHA,PROVIDER,CHA,MID_WIFE,LAB_ASSISTANT,SRN,FACILITY_REPORT_ADMIN,REPORT_ADMIN}','FHIR_MAPPER_SERVICE','API_PERMISSION',0,0),
	 ('POST','/organization/delete','{CHW,PEER_SUPERVISOR,SUPER_ADMIN,HEALTH_FACILITY_ADMIN,SECHN,MCHA,PROVIDER,CHA,MID_WIFE,LAB_ASSISTANT,SRN,FACILITY_REPORT_ADMIN,REPORT_ADMIN}','FHIR_MAPPER_SERVICE','API_PERMISSION',0,0),
	 ('POST','/users/delete','{CHW,PEER_SUPERVISOR,SUPER_ADMIN,HEALTH_FACILITY_ADMIN,SECHN,MCHA,PROVIDER,CHA,MID_WIFE,LAB_ASSISTANT,SRN,FACILITY_REPORT_ADMIN,REPORT_ADMIN}','FHIR_MAPPER_SERVICE','API_PERMISSION',0,0),
	 ('POST','/email/send-email','{CHW,PEER_SUPERVISOR,SUPER_ADMIN,HEALTH_FACILITY_ADMIN,SECHN,MCHA,PROVIDER,CHA,MID_WIFE,LAB_ASSISTANT,SRN,FACILITY_REPORT_ADMIN,REPORT_ADMIN}','NOTIFICATION_SERVICE','API_PERMISSION',0,0),
	 ('POST','/notification','{CHW,PEER_SUPERVISOR,SUPER_ADMIN,HEALTH_FACILITY_ADMIN,SECHN,MCHA,PROVIDER,CHA,MID_WIFE,LAB_ASSISTANT,SRN,FACILITY_REPORT_ADMIN,REPORT_ADMIN}','NOTIFICATION_SERVICE','API_PERMISSION',0,0);
INSERT INTO public.api_role_permission ("method",api,roles,service_name,"type",created_by,updated_by) VALUES
	 ('GET','/notification','{CHW,PEER_SUPERVISOR,SUPER_ADMIN,HEALTH_FACILITY_ADMIN,SECHN,MCHA,PROVIDER,CHA,MID_WIFE,LAB_ASSISTANT,SRN,FACILITY_REPORT_ADMIN,REPORT_ADMIN}','NOTIFICATION_SERVICE','API_PERMISSION',0,0),
	 ('PUT','/notification','{CHW,PEER_SUPERVISOR,SUPER_ADMIN,HEALTH_FACILITY_ADMIN,SECHN,MCHA,PROVIDER,CHA,MID_WIFE,LAB_ASSISTANT,SRN,FACILITY_REPORT_ADMIN,REPORT_ADMIN}','NOTIFICATION_SERVICE','API_PERMISSION',0,0),
	 ('POST','/sms/get-sms-template','{CHW,PEER_SUPERVISOR,SUPER_ADMIN,HEALTH_FACILITY_ADMIN,SECHN,MCHA,PROVIDER,CHA,MID_WIFE,LAB_ASSISTANT,SRN,FACILITY_REPORT_ADMIN,REPORT_ADMIN}','NOTIFICATION_SERVICE','API_PERMISSION',0,0),
	 ('POST','/sms/save-outboundsms-values','{CHW,PEER_SUPERVISOR,SUPER_ADMIN,HEALTH_FACILITY_ADMIN,SECHN,MCHA,PROVIDER,CHA,MID_WIFE,LAB_ASSISTANT,SRN,FACILITY_REPORT_ADMIN,REPORT_ADMIN}','NOTIFICATION_SERVICE','API_PERMISSION',0,0),
	 ('GET','/','{CHW,HEALTH_FACILITY_ADMIN,SUPER_ADMIN,PROVIDER,CHA,SECHN,MCHA,PEER_SUPERVISOR,MID_WIFE,LAB_ASSISTANT,SRN}','SPICE_SERVICE','API_PERMISSION',0,0),
	 ('POST','/','{CHW,HEALTH_FACILITY_ADMIN,SUPER_ADMIN,PROVIDER,CHA,SECHN,MCHA,PEER_SUPERVISOR,MID_WIFE,LAB_ASSISTANT,SRN}','SPICE_SERVICE','API_PERMISSION',0,0),
	 ('POST','/','{CHW,HEALTH_FACILITY_ADMIN,SUPER_ADMIN,PROVIDER,CHA,SECHN,MCHA,PEER_SUPERVISOR,MID_WIFE,LAB_ASSISTANT,SRN}','OFFLINE_SERVICE','API_PERMISSION',0,0),
	 ('POST','/','{CHW,HEALTH_FACILITY_ADMIN,SUPER_ADMIN,PROVIDER,CHA,SECHN,MCHA,PEER_SUPERVISOR,MID_WIFE,LAB_ASSISTANT,SRN}','AUTH_SERVICE','API_PERMISSION',0,0),
	 ('POST','/','{CHW,HEALTH_FACILITY_ADMIN,SUPER_ADMIN,PROVIDER,CHA,SECHN,MCHA,PEER_SUPERVISOR,MID_WIFE,LAB_ASSISTANT,SRN}','CQL_SERVICE','API_PERMISSION',0,0),
	 ('GET','/','{CHW,HEALTH_FACILITY_ADMIN,SUPER_ADMIN,PROVIDER,CHA,SECHN,MCHA,PEER_SUPERVISOR,MID_WIFE,LAB_ASSISTANT,SRN}','CQL_SERVICE','API_PERMISSION',0,0);
INSERT INTO public.api_role_permission ("method",api,roles,service_name,"type",created_by,updated_by) VALUES
	 ('PUT','/','{CHW,HEALTH_FACILITY_ADMIN,SUPER_ADMIN,PROVIDER,CHA,SECHN,MCHA,PEER_SUPERVISOR,MID_WIFE,LAB_ASSISTANT,SRN}','SPICE_SERVICE','API_PERMISSION',0,0),
	 ('PUT','/','{CHW,HEALTH_FACILITY_ADMIN,SUPER_ADMIN,PROVIDER,CHA,SECHN,MCHA,PEER_SUPERVISOR,MID_WIFE,LAB_ASSISTANT,SRN}','FHIR_MAPPER_SERVICE','API_PERMISSION',0,0),
	 ('POST','/','{CHW,HEALTH_FACILITY_ADMIN,SUPER_ADMIN,PROVIDER,CHA,SECHN,MCHA,PEER_SUPERVISOR,MID_WIFE,LAB_ASSISTANT,SRN}','FHIR_MAPPER_SERVICE','API_PERMISSION',0,0),
	 ('GET','/','{CHW,HEALTH_FACILITY_ADMIN,SUPER_ADMIN,PROVIDER,CHA,SECHN,MCHA,PEER_SUPERVISOR,MID_WIFE,LAB_ASSISTANT,SRN,REPORT_ADMIN,FACILITY_REPORT_ADMIN}','USER_SERVICE','API_PERMISSION',0,0),
	 ('PUT','/','{CHW,HEALTH_FACILITY_ADMIN,SUPER_ADMIN,PROVIDER,CHA,SECHN,MCHA,PEER_SUPERVISOR,MID_WIFE,LAB_ASSISTANT,SRN,REPORT_ADMIN,FACILITY_REPORT_ADMIN}','ADMIN_SERVICE','API_PERMISSION',0,0),
	 ('GET','/','{CHW,HEALTH_FACILITY_ADMIN,SUPER_ADMIN,PROVIDER,CHA,SECHN,MCHA,PEER_SUPERVISOR,MID_WIFE,LAB_ASSISTANT,SRN,REPORT_ADMIN,FACILITY_REPORT_ADMIN}','ADMIN_SERVICE','API_PERMISSION',0,0),
	 ('POST','/','{CHW,HEALTH_FACILITY_ADMIN,SUPER_ADMIN,PROVIDER,CHA,SECHN,MCHA,PEER_SUPERVISOR,MID_WIFE,LAB_ASSISTANT,SRN,REPORT_ADMIN,FACILITY_REPORT_ADMIN}','USER_SERVICE','API_PERMISSION',0,0),
	 ('POST','/','{CHW,HEALTH_FACILITY_ADMIN,SUPER_ADMIN,PROVIDER,CHA,SECHN,MCHA,PEER_SUPERVISOR,MID_WIFE,LAB_ASSISTANT,SRN,REPORT_ADMIN,FACILITY_REPORT_ADMIN}','ADMIN_SERVICE','API_PERMISSION',0,0),
	 ('POST','/health-facility/list','{CHW,PEER_SUPERVISOR,SUPER_ADMIN,HEALTH_FACILITY_ADMIN,SECHN,MCHA,PROVIDER,CHA,MID_WIFE,LAB_ASSISTANT,SRN,FACILITY_REPORT_ADMIN,REPORT_ADMIN,HF4_REPORT_USER}','CFR_SERVICE','API_PERMISSION',0,0),
	 ('POST','/healthfacility/list','{SUPER_ADMIN,REGION_ADMIN,DISTRICT_ADMIN,CHIEFDOM_ADMIN,HEALTH_FACILITY_ADMIN}','ADMIN_SERVICE','API_PERMISSION',0,0);
INSERT INTO public.api_role_permission ("method",api,roles,service_name,"type",created_by,updated_by) VALUES
	 ('POST','/community-units','{SUPER_ADMIN,REGION_ADMIN,DISTRICT_ADMIN,CHIEFDOM_ADMIN,HEALTH_FACILITY_ADMIN}','ADMIN_SERVICE','API_PERMISSION',0,0),
	 ('POST','/healthfacility/user-add','{SUPER_ADMIN,REGION_ADMIN,DISTRICT_ADMIN,CHIEFDOM_ADMIN,HEALTH_FACILITY_ADMIN}','ADMIN_SERVICE','API_PERMISSION',0,0),
	 ('POST','/user/admin-users','{SUPER_ADMIN,REGION_ADMIN,DISTRICT_ADMIN,CHIEFDOM_ADMIN,HEALTH_FACILITY_ADMIN}','USER_SERVICE','API_PERMISSION',0,0),
	 ('GET','/organization/details','{SUPER_ADMIN,REGION_ADMIN,DISTRICT_ADMIN,CHIEFDOM_ADMIN,HEALTH_FACILITY_ADMIN}','USER_SERVICE','API_PERMISSION',0,0);


INSERT INTO timezone(id, description, "offset", abbreviation, created_by, updated_by) VALUES (1, 'Indian Time', '+05:30', 'IST', 0, 0);

-- brand
INSERT INTO public.brand ("name",display_order,is_active,is_deleted,created_by,updated_by) VALUES
	 ('Antibiotics','1',true,false,0,0),
	 ('Biomet','169',true,false,0,0);

-- classification
INSERT INTO public.classification ("name",display_order,is_active,is_deleted,created_by,updated_by) VALUES
	 ('ACE inhibitor','1',true,false,0,0),
	 ('Diuretic','109',true,false,0,0);

INSERT INTO public.country_classification (country_id, classification_id) VALUES
     (1,1),
     (1,2);

INSERT INTO public.classification_brand (brand_id, classification_id) VALUES
     (1,1),
     (1,2),
     (2,1),
     (2,2);

-- clinical_workflow
INSERT INTO public.clinical_workflow ("name",module_type,workflow_name,display_order,conditions,country_id,created_by,updated_by,group_name,app_types,is_default,view_screens) VALUES
	 ('Above 5 (General) ','clinical','ABOVE 5Y(GENERAL)',1,'[{"moduleType": "medicalreview"}]',1,0,0,NULL,'{COMMUNITY}',false,NULL),
	 ('ICCM','clinical','iccm',1,'[{"gender": "male", "maxAge": 60, "minAge": 0, "moduleType": "assessment"}, {"gender": "female", "maxAge": 60, "minAge": 0, "moduleType": "assessment"}]',1,0,0,NULL,'{COMMUNITY}',false,NULL),
	 ('Mother and Neonate ','clinical','MOTHER & NEONATE',2,'[{"moduleType": "medicalreview"}]',1,0,0,NULL,'{COMMUNITY}',false,NULL),
	 ('OTHER SYMPTOMS','clinical','other_symptoms',4,'[{"gender": "male", "maxAge": null, "minAge": 60, "moduleType": "assessment"}, {"gender": "female", "maxAge": null, "minAge": 60, "moduleType": "assessment"}]',1,0,0,NULL,'{COMMUNITY}',false,NULL),
	 ('RMNCH','clinical','rmnch',2,'[{"gender": "male", "maxAge": 15, "minAge": 0, "subModule": "childhoodVisit", "moduleType": "assessment"}, {"gender": "female", "maxAge": 15, "minAge": 0, "subModule": "childhoodVisit", "moduleType": "assessment"}, {"gender": "female", "maxAge": 588, "minAge": 120, "moduleType": "assessment"}]',1,0,0,NULL,'{COMMUNITY}',false,NULL),
	 ('Under 5 (Age 2 months to 5 years) ','clinical','UNDER 5Y (2M TO 5Y)',4,'[{"moduleType": "medicalreview"}]',1,0,0,NULL,'{COMMUNITY}',false,NULL),
	 ('Under 5 (Age upto 2 months) ','clinical','UNDER 5Y AGE < 2M',3,'[{"moduleType": "medicalreview"}]',1,0,0,NULL,'{COMMUNITY}',false,NULL);

-- culture
INSERT INTO public.culture (id,"name",code,is_active,is_deleted,created_by,updated_by,app_types) VALUES
	 (1,'English','en',true,false,0,0,'{COMMUNITY}');

-- dosage_form
INSERT INTO public.dosage_form ("name",display_order,is_active,is_deleted,created_by,updated_by,app_types,display_values) VALUES
	 ('Tablet','1',true,false,0,0,'{COMMUNITY}',NULL),
	 ('Liquid','102',true,false,0,0,'{COMMUNITY}',NULL);

-- disease_category
INSERT INTO public.disease_category (id, "name", display_order, value, "type", created_by, updated_by)
VALUES
(1, 'Severe Malnutrition', 7, 'severeMalnutrition', 'UNDER_FIVE_YEARS', 1, 1),
(2, 'Moderate Malnutrition', 8, 'moderateMalnutrition', 'UNDER_FIVE_YEARS', 1, 1),
(3, 'Fever', 9, 'fever', 'UNDER_FIVE_YEARS', 1, 1),
(4, 'Other', 11, 'other', 'UNDER_FIVE_YEARS', 1, 1),
(5, 'Severe Malaria', 1, 'severeMalaria', 'UNDER_TWO_MONTHS', 1, 1),
(6, 'Jaundice', 2, 'jaundice', 'UNDER_TWO_MONTHS', 1, 1),
(7, 'Diarrhoea', 3, 'diarrhoea', 'UNDER_TWO_MONTHS', 1, 1),
(8, 'Pneumonia', 4, 'pneumonia', 'UNDER_TWO_MONTHS', 1, 1),
(9, 'HIV Infection', 5, 'hivInfection', 'UNDER_TWO_MONTHS', 1, 1),
(10, 'Anemia', 6, 'anemia', 'UNDER_TWO_MONTHS', 1, 1),
(11, 'Severe Malnutrition', 7, 'severeMalnutrition', 'UNDER_TWO_MONTHS', 1, 1),
(12, 'Moderate Malnutrition', 8, 'moderateMalnutrition', 'UNDER_TWO_MONTHS', 1, 1),
(13, 'Fever', 9, 'fever', 'UNDER_TWO_MONTHS', 1, 1),
(14, 'Other', 11, 'other', 'UNDER_TWO_MONTHS', 1, 1),
(15, 'Pre eclampsia', 1, 'preEclampsia', 'ANC_REVIEW', 1, 1),
(16, 'Eclampsia', 2, 'eclampsia', 'ANC_REVIEW', 1, 1),
(17, 'Gestational diabetes', 3, 'gestationalDiabetes', 'ANC_REVIEW', 1, 1),
(18, 'Anemia', 4, 'anemia', 'ANC_REVIEW', 1, 1),
(19, 'HIV', 5, 'hiv', 'ANC_REVIEW', 1, 1),
(20, 'Syphilis', 6, 'syphilis', 'ANC_REVIEW', 1, 1),
(21, 'Severe Malaria', 7, 'severeMalaria', 'ANC_REVIEW', 1, 1),
(22, 'Diabetes mellitus type 2', 8, 'diabetesMellitusType2', 'ANC_REVIEW', 1, 1),
(23, 'Diabetes mellitus type 1', 9, 'diabetesMellitusType1', 'ANC_REVIEW', 1, 1),
(24, 'Pre-Diabetes', 10, 'preDiabetes', 'ANC_REVIEW', 1, 1),
(25, 'Hypertension', 11, 'hypertension', 'ANC_REVIEW', 1, 1),
(26, 'Pre-Hypertension', 12, 'preHypertension', 'ANC_REVIEW', 1, 1),
(27, 'Albuminuria', 13, 'albuminuria', 'ANC_REVIEW', 1, 1),
(28, 'Other', 14, 'other', 'ANC_REVIEW', 1, 1),
(29, 'Ear Problem', 10, 'earProblem', 'UNDER_FIVE_YEARS', 1, 1),
(30, 'Ear Problem', 10, 'earProblem', 'UNDER_TWO_MONTHS', 1, 1),
(31, 'Malaria', 1, 'malaria', 'ABOVE_FIVE_YEARS', 1, 1),
(32, 'Eye', 2, 'eye', 'ABOVE_FIVE_YEARS', 1, 1),
(33, 'Infectious', 3, 'infectious', 'ABOVE_FIVE_YEARS', 1, 1),
(34, 'Neonatal', 5, 'neonatal', 'ABOVE_FIVE_YEARS', 1, 1),
(35, 'Surgical', 6, 'surgical', 'ABOVE_FIVE_YEARS', 1, 1),
(36, 'Other', 7, 'other', 'ABOVE_FIVE_YEARS', 1, 1),
(37, 'Severe Malaria', 1, 'severeMalaria', 'UNDER_FIVE_YEARS', 1, 1),
(38, 'Jaundice', 2, 'jaundice', 'UNDER_FIVE_YEARS', 1, 1),
(39, 'Diarrhoea', 3, 'diarrhoea', 'UNDER_FIVE_YEARS', 1, 1),
(40, 'Pneumonia', 4, 'pneumonia', 'UNDER_FIVE_YEARS', 1, 1),
(41, 'HIV/AIDS', 5, 'hivAids', 'UNDER_FIVE_YEARS', 1, 1),
(42, 'Anemia', 6, 'anemia', 'UNDER_FIVE_YEARS', 1, 1),
(43, 'Pre eclampsia', 1, 'preEclampsia', 'PNC_MOTHER_REVIEW', 1, 1),
(44, 'Eclampsia', 2, 'eclampsia', 'PNC_MOTHER_REVIEW', 1, 1),
(45, 'Gestational diabetes', 3, 'gestationalDiabetes', 'PNC_MOTHER_REVIEW', 1, 1),
(46, 'Anemia', 4, 'anemia', 'PNC_MOTHER_REVIEW', 1, 1),
(47, 'HIV', 5, 'hiv', 'PNC_MOTHER_REVIEW', 1, 1),
(48, 'Syphilis', 6, 'syphilis', 'PNC_MOTHER_REVIEW', 1, 1),
(49, 'Severe Malaria', 7, 'severeMalaria', 'PNC_MOTHER_REVIEW', 1, 1),
(50, 'Diabetes mellitus type 2', 8, 'diabetesMellitusType2', 'PNC_MOTHER_REVIEW', 1, 1),
(51, 'Diabetes mellitus type 1', 9, 'diabetesMellitusType1', 'PNC_MOTHER_REVIEW', 1, 1),
(52, 'Pre-Diabetes', 10, 'preDiabetes', 'PNC_MOTHER_REVIEW', 1, 1),
(53, 'Hypertension', 11, 'hypertension', 'PNC_MOTHER_REVIEW', 1, 1),
(54, 'Pre-Hypertension', 12, 'preHypertension', 'PNC_MOTHER_REVIEW', 1, 1),
(55, 'Albuminuria', 13, 'albuminuria', 'PNC_MOTHER_REVIEW', 1, 1),
(56, 'Other', 14, 'other', 'PNC_MOTHER_REVIEW', 1, 1),
(57, 'Internal medicine, NCD & Mental health', 4, 'internalMedicineAndNCDAndMentalHealth', 'ABOVE_FIVE_YEARS', 1, 1),
(58, 'Uncomplicated Malaria', 7, 'uncomplicatedMalaria', 'ANC_REVIEW', 1, 1),
(59, 'Uncomplicated Malaria', 1, 'uncomplicatedMalaria', 'UNDER_TWO_MONTHS', 1, 1),
(60, 'Uncomplicated Malaria', 1, 'uncomplicatedMalaria', 'UNDER_FIVE_YEARS', 1, 1),
(61, 'Uncomplicated Malaria', 7, 'uncomplicatedMalaria', 'PNC_MOTHER_REVIEW', 1, 1);

-- disease_condition
INSERT INTO public.disease_condition (id, disease_id, name, display_order, value, created_by, updated_by)
VALUES
(1, 33, 'UTI (Urinary Tract Infection)', 32, 'urinaryTractInfection', 1, 1),
(2, 33, 'AFP (Acute Flaccid Paralysis)', 2, 'acuteFlaccidParalysis', 1, 1),
(3, 33, 'AIDS (Acquired Immune Deficiency Syndrome)', 14, 'acquiredImmuneDeficiencySyndrome', 1, 1),
(4, 33, 'Hepatitis (all types)', 22, 'allTypesOfHepatitis', 1, 1),
(5, 33, 'Animal bites (dogs and cats)', 12, 'animalBitesForDogsAndCats', 1, 1),
(6, 57, 'Cancer (all types) Cervical Cancer to be specified', 4, 'allTypesOfCancerAndCervicalCancerToBeSpecified', 1, 1),
(7, 57, 'Cardiovascular diseases (All types)', 5, 'allTypesOfCardiovascularDisease', 1, 1),
(8, 57, 'Chronic Respiratory diseases (asthma, COPD, others)', 6, 'asthmaCOPDAndOtherChronicRespiratoryDiseases', 1, 1),
(9, 57, 'Diabetes (Type 1 or Type 2)', 8, 'type1DiabetesOrType2Diabetes', 1, 1),
(10, 33, 'Diarrhoea, watery - treated at facility with ORS and Zinc', 20, 'diarrhoeaAndWateryTreatedAtFacilityWithOrsAndZinc', 1, 1),
(11, 31, 'Severe Malaria', 1, 'severeMalaria', 1, 1),
(12, 32, 'Eye infection', 1, 'eyeInfection', 1, 1),
(13, 33, 'Severe Malnutrition', 1, 'severeMalnutrition', 1, 1),
(14, 33, 'Acute viral haemorrhagic fever', 3, 'acuteViralHaemorragicFever', 1, 1),
(15, 33, 'Cholera', 4, 'cholera', 1, 1),
(16, 33, 'Measles', 5, 'measles', 1, 1),
(17, 33, 'Rubella', 7, 'rubella', 1, 1),
(18, 33, 'Buruli ulcer', 9, 'buruliUlcer', 1, 1),
(19, 33, 'Yellow fever', 10, 'yellowFever', 1, 1),
(20, 33, 'Typhoid fever', 11, 'typhoidFever', 1, 1),
(21, 33, 'Snake bites', 13, 'snakeBites', 1, 1),
(22, 33, 'ARI treated in Facility with Antibiotic', 15, 'ariTreatedInFacilityWithAntibiotic', 1, 1),
(23, 33, 'ARI treated in Facility without Antibiotic', 16, 'ariTreatedInFacilityWithoutAntibiotic', 1, 1),
(24, 33, 'Chicken Pox', 17, 'chickenPox', 1, 1),
(25, 33, 'Pneumonia treated in Facility without Antibiotic', 18, 'pneumoniaTreatedInFacilityWithoutAntibiotic', 1, 1),
(26, 33, 'Pneumonia treated in Facility with Antibiotic', 19, 'pneumoniaTreatedInFacilityWithAntibiotic', 1, 1),
(27, 33, 'Leprosy', 23, 'leprosy', 1, 1),
(28, 33, 'Mumps', 24, 'mumps', 1, 1),
(29, 33, 'Sepsis', 26, 'sepsis', 1, 1),
(30, 33, 'Skin Infection', 27, 'skinInfection', 1, 1),
(31, 33, 'STI-Genital Discharge', 28, 'stiGenitalDischarge', 1, 1),
(32, 33, 'STI-Genital Ulcer', 29, 'stiGenitalUlcer', 1, 1),
(33, 33, 'Tetanus', 30, 'tetanus', 1, 1),
(34, 33, 'Worm infestation', 33, 'wormInfestation', 1, 1),
(35, 33, 'Yaws', 34, 'yaws', 1, 1),
(36, 33, 'Onchocerciasis', 35, 'onchocerciasis', 1, 1),
(37, 33, 'Schistosomiasis', 36, 'schistosomiasis', 1, 1),
(38, 33, 'Trachoma', 37, 'trachoma', 1, 1),
(39, 33, 'Other infectious conditions', 38, 'otherInfectiousConditions', 1, 1),
(40, 57, 'Adverse drug reaction', 1, 'adverseDrugReaction', 1, 1),
(41, 57, 'Anemia', 2, 'anaemia', 1, 1),
(42, 57, 'Sickle cell disease', 3, 'sickleCellDisease', 1, 1),
(43, 57, 'Epilepsy', 7, 'epilepsy', 1, 1),
(44, 57, 'Hypertension', 9, 'hypertension', 1, 1),
(45, 57, 'Kidney disorders', 10, 'kidneyDisorders', 1, 1),
(46, 33, 'Diarrhoea, watery - treated at facility with ORS only', 21, 'diarrhoeaAndWateryTreatedAtFacilityWithOrsOnly', 1, 1),
(47, 33, 'Dysentry (Bloody Diarrhoea)', 6, 'dysentryForBloodyDiarrhoea', 1, 1),
(48, 32, 'Eye condition (all types, except for eye infection)', 2, 'eyeConditionForAllTypesExceptEyeInfection', 1, 1),
(49, 33, 'Meningitis/Encephalitis', 8, 'meningitisOrEncephalitis', 1, 1),
(50, 33, 'Pelvic inflammatory disease (PID)', 25, 'pelvicInflammatoryDisease', 1, 1),
(51, 33, 'Tuberculosis (TB)', 31, 'tuberculosis', 1, 1),
(52, 57, 'Other NCD conditions', 12, 'otherNcdConditions', 1, 1),
(53, 34, 'Asphyxia', 1, 'asphyxia', 1, 1),
(54, 34, 'Congenital abnormality', 2, 'congenitalAbnormality', 1, 1),
(55, 34, 'Prematurity', 3, 'prematurity', 1, 1),
(56, 34, 'Hypothermia', 4, 'hypothermia', 1, 1),
(57, 34, 'Respiratory distress syndrome', 5, 'respiratoryDistressSyndrome', 1, 1),
(58, 34, 'Other', 6, 'other', 1, 1),
(59, 35, 'Acute Abdomen', 1, 'acuteAbdomen', 1, 1),
(60, 35, 'Appendicitis', 2, 'appendicitis', 1, 1),
(61, 35, 'Hernia', 4, 'hernia', 1, 1),
(62, 35, 'Hydrocele', 5, 'hydrocele', 1, 1),
(63, 35, 'Lymphedema', 6, 'lymphodema', 1, 1),
(64, 35, 'Oral and dental conditions', 7, 'oralAndDentalConditions', 1, 1),
(65, 57, 'Mental disorder (all types)', 11, 'allTypesOfMentalDisorder', 1, 1);

-- email_template
INSERT INTO public.email_template ("type",vm_content,body,title,app_url,app_type,subject,created_by,updated_by) VALUES
	 ('Forgot_Password','vmContent','<div style="word-wrap: break-word; font-family: calibri; font-size: 12pt" >    <p><img src="https://mdt-shruti.s3.ap-south-1.amazonaws.com/logo/logo1.png" style="height:100%;width:10%;"><p>Hi <strong>{{name}}</strong>,<br><br>    <p>We have received a request to reset your SPICE account password. If you requested this
password change, please click the link below to set a new password within 60 minutes.    <br><br>    <p><div style="text-align: center"><a href="{{app_url_email}}" target="_blank" style="color: #000;background-color:#4472C4;padding:10px 30px;text-decoration: none;font-size: 14pt"><Strong>Click here to reset your password</strong/></a></div><br><br>    If you did not ask to reset your password or have a SPICE software application account associated with this email address, we are here to help secure your account- just notify us at support@medtroniclabs.org.    <br><br>    If you have any additional questions, please contact the Medtronic LABS Support Team at support@medtroniclabs.org.    <br>      <br>    Sincerely,    <br>    SPICE Support Team</div>','Email_notification','app_url_email','web','SPICE  Reset Password',0,0),
	 ('User_Creation','vmContent','<div style=word-wrap: break-word; font-family: calibri; font-size: 12pt >    <p><img src="https://mdt-shruti.s3.ap-south-1.amazonaws.com/logo/logo1.png" style="height:100%;width:10%;"></p>    <p>Dear <strong>{{name}}</strong>,<br><br>    <p>Welcome to SPICE! An account has been created for you in the SPICE software application.    <br><br>    <strong>Your account username is your email address {{email}}. To complete your account
setup, please click on this <a href="{{app_url_email}}" target="_blank">LINK</a> to create your password.</strong>    <br><br>    After setting up your password, you will be able to access the application.    <br><br>    If you have any additional questions, please contact the Medtronic LABS Support Team at support@medtroniclabs.org.    <br>      <br>    Sincerely,    <br>    SPICE Support Team</div>','Email_notification','app_url_email','web','Welcome to SPICE! Complete your account setup',0,0),
	 ('Forgot_Password','vmContent','<div style="word-wrap: break-word; font-family: calibri; font-size: 12pt" >    <p><img src="https://mdt-shruti.s3.ap-south-1.amazonaws.com/logo/logo1.png" style="height:100%;width:10%;"><p>Hi <strong>{{name}}</strong>,<br><br>    <p>We have received a request to reset your SPICE account password. If you requested this
password change, please click the link below to set a new password within 60 minutes.    <br><br>    <p><div style="text-align: center"><a href="{{app_url_email}}" target="_blank" style="color: #000;background-color:#4472C4;padding:10px 30px;text-decoration: none;font-size: 14pt"><Strong>Click here to reset your password</strong/></a></div><br><br>    If you did not ask to reset your password or have a SPICE software application account associated with this email address, we are here to help secure your account- just notify us at support@medtroniclabs.org.    <br><br>    If you have any additional questions, please contact the Medtronic LABS Support Team at support@medtroniclabs.org.    <br>      <br>    Sincerely,    <br>    SPICE Support Team</div>','Email_notification','app_url_email','mob','SPICE  Reset Password',0,0);

-- examination
INSERT INTO public.examination ("name",display_order,form_input,created_by,updated_by,"type") VALUES
	 ('UNDER 5 YEARS',NULL,'[{"diseaseName":"General Danger Signs","questionnaires":[{"viewType":"SingleSelectionView","id":"unableToDrinkOrBreastfeed","title":"Unable to drink or breastfeed","family":"General Danger Signs","optionsList":[{"id":"Yes","name":"Yes"},{"id":"No","name":"No"}]},{"viewType":"SingleSelectionView","id":"vomitingEverything","title":"Vomiting everything","family":"General Danger Signs","optionsList":[{"id":"Yes","name":"Yes"},{"id":"No","name":"No"}]},{"viewType":"SingleSelectionView","id":"historyOfConvulsion","title":"History of convulsion","family":"General Danger Signs","optionsList":[{"id":"Yes","name":"Yes"},{"id":"No","name":"No"}]},{"viewType":"SingleSelectionView","id":"convulsingNow","title":"Convulsing now","family":"General Danger Signs","optionsList":[{"id":"Yes","name":"Yes"},{"id":"No","name":"No"}]},{"viewType":"SingleSelectionView","id":"lethargicOrUnconscious","title":"Lethargic or unconscious ","family":"General Danger Signs","optionsList":[{"id":"Yes","name":"Yes"},{"id":"No","name":"No"}]}]},{"diseaseName":"Cough / Difficult Breathing","questionnaires":[{"viewType":"SingleSelectionView","id":"coughOrDIfficultBreathing","title":"Cough or difficult breathing","family":"Cough / Difficult Breathing","optionsList":[{"id":"Yes","name":"Yes"},{"id":"No","name":"No"}]},{"viewType":"EditText","id":"noOfDays","title":"Number of days of cough","family":"Cough / Difficult Breathing","maxLength":2,"inputType":2,"hint":"Number"},{"viewType":"SingleSelectionView","id":"chestIndrawing","title":"Chest indrawing","family":"Cough / Difficult Breathing","optionsList":[{"id":"Yes","name":"Yes"},{"id":"No","name":"No"}]},{"viewType":"SingleSelectionView","id":"stridor","title":"Stridor","family":"Cough / Difficult Breathing","optionsList":[{"id":"Yes","name":"Yes"},{"id":"No","name":"No"}]}]},{"diseaseName":"Diarrhoea","questionnaires":[{"viewType":"SingleSelectionView","id":"hasDiarrhoea","title":"Diarrhoea","family":"Diarrhoea","optionsList":[{"id":"Yes","name":"Yes"},{"id":"No","name":"No"}]},{"viewType":"EditText","id":"timePeriod","title":"Number of days","maxLength":2,"inputType":2,"family":"Diarrhoea","hint":"Number"},{"viewType":"SingleSelectionView","id":"bloodyDiarrhoea","title":"Bloody diarrhoea","family":"Diarrhoea","optionsList":[{"id":"Yes","name":"Yes"},{"id":"No","name":"No"}]},{"viewType":"DialogCheckbox","id":"diarrhoeaSigns","title":"Signs","family":"Diarrhoea","hint":"Select Signs"}]},{"diseaseName":"Fever","questionnaires":[{"viewType":"SingleSelectionView","id":"hasFever","title":"Fever","family":"Fever","optionsList":[{"id":"Yes","name":"Yes"},{"id":"No","name":"No"}]},{"viewType":"EditText","id":"noOfDays","title":"Number of days","maxLength":2,"inputType":2,"family":"Fever","hint":"Number"},{"viewType":"SingleSelectionView","id":"isMotherHasFever","title":"Mother has fever?","family":"Fever","optionsList":[{"id":"+ve","name":"+ve"},{"id":"-ve","name":"-ve"},{"id":"NA","name":"NA"}]},{"viewType":"SingleSelectionView","id":" microscopyResult","title":" Microscopy","family":"Fever","optionsList":[{"id":"+ve","name":"+ve"},{"id":"-ve","name":"-ve"}]},{"viewType":"DialogCheckbox","id":"feverSigns","title":"Signs","family":"Fever","hint":"Select Signs"}]},{"diseaseName":"Ear Problem","questionnaires":[{"viewType":"SingleSelectionView","id":"hasEarPain","title":"Ear pain","family":"Ear Problem","optionsList":[{"id":"Yes","name":"Yes"},{"id":"No","name":"No"}]},{"viewType":"EditText","id":"noOfDays","title":"Number of days","maxLength":2,"inputType":2,"family":"Ear Problem","hint":"Number"},{"viewType":"SingleSelectionView","id":"earDischarge","title":"Ear discharge","family":"Ear Problem","optionsList":[{"id":"+ve","name":"+ve"},{"id":"-ve","name":"-ve"}]}]},{"diseaseName":"Malnutrition / Anemia","questionnaires":[{"viewType":"SingleSelectionView","id":"appetiteTest","title":"Appetite test","family":"Malnutrition / Anemia","optionsList":[{"id":"Yes","name":"Yes"},{"id":"No","name":"No"}]},{"viewType":"DialogCheckbox","id":"malnutritionSigns","title":"Signs","family":"Malnutrition / Anemia","hint":"Select Signs"}]},{"diseaseName":"HIV / AIDS RDT","questionnaires":[{"viewType":"SingleSelectionView","id":"mother","title":"Mother","family":"HIV / AIDS RDT","optionsList":[{"id":"-ve","name":"-ve"},{"id":"+ve","name":"+ve"},{"id":"Unknown","name":"Unknown"}]},{"viewType":"SingleSelectionView","id":"child","title":"Child","family":"HIV / AIDS RDT","optionsList":[{"id":"-ve","name":"-ve"},{"id":"+ve","name":"+ve"},{"id":"Unknown","name":"Unknown"}]}]}]',0,0,'UNDER_FIVE_YEARS'),
	 ('UNDER 2 MONTHS',NULL,'[{"diseaseName":"Very Severe Disease (PSBI)","questionnaires":[{"viewType":"SingleSelectionView","id":"stoppedFeeding","title":"Stopped feeding well or not feeding at all","family":"Very Severe Disease (PSBI)","optionsList":[{"id":"Yes","name":"Yes"},{"id":"No","name":"No"}]},{"viewType":"SingleSelectionView","id":"convulsions","title":"Convulsions","family":"Very Severe Disease (PSBI)","optionsList":[{"id":"Yes","name":"Yes"},{"id":"No","name":"No"}]},{"viewType":"SingleSelectionView","id":"severeChestIndrawing","title":"Severe chest indrawing","family":"Very Severe Disease (PSBI)","optionsList":[{"id":"Yes","name":"Yes"},{"id":"No","name":"No"}]},{"viewType":"SingleSelectionView","id":"movementOnStimulation","title":"Move only when stimulated or no movement when stimulated.","family":"Very Severe Disease (PSBI)","optionsList":[{"id":"Yes","name":"Yes"},{"id":"No","name":"No"}]},{"viewType":"SingleSelectionView","id":"lowBodyTemperature","title":"Low body temperature (less than 35.5C)","family":"Very Severe Disease (PSBI)","optionsList":[{"id":"Yes","name":"Yes"},{"id":"No","name":"No"}]},{"viewType":"SingleSelectionView","id":"skinPustules","title":"Skin pustules?","family":"Very Severe Disease (PSBI)","optionsList":[{"id":"Yes","name":"Yes"},{"id":"No","name":"No"}]},{"viewType":"SingleSelectionView","id":"umbilicusRedOrDrainingPus","title":"Umbilicus red or draining pus? ","family":"Very Severe Disease (PSBI)","optionsList":[{"id":"Yes","name":"Yes"},{"id":"No","name":"No"}]}]},{"diseaseName":"Jaundice","questionnaires":[{"viewType":"SingleSelectionView","id":"yellowSkinLessThan24hrs","title":"Yellow skin or face less than 24 hrs","family":"Jaundice","optionsList":[{"id":"Yes","name":"Yes"},{"id":"No","name":"No"}]},{"viewType":"SingleSelectionView","id":"yellowPalmsAndSoles","title":"Yellow palms and soles at any age","family":"Jaundice","optionsList":[{"id":"Yes","name":"Yes"},{"id":"No","name":"No"}]},{"viewType":"SingleSelectionView","id":"jaundiceAppearing","title":"Jaundice appearing after 24 hrs of age and palms","family":"Jaundice","optionsList":[{"id":"Yes","name":"Yes"},{"id":"No","name":"No"}]},{"viewType":"SingleSelectionView","id":"solesNotYellow","title":"Soles not yellow","family":"Jaundice","optionsList":[{"id":"Yes","name":"Yes"},{"id":"No","name":"No"}]},{"viewType":"SingleSelectionView","id":"noJaundice","title":"No jaundice","family":"Jaundice","optionsList":[{"id":"Yes","name":"Yes"},{"id":"No","name":"No"}]}]},{"diseaseName":"Diarrhoea","questionnaires":[{"viewType":"EditText","id":"timePeriod","title":"How long (days)?","inputType":2,"maxLength":3,"family":"Diarrhoea","hint":"How long"},{"viewType":"SingleSelectionView","id":"bloodInStool","title":"Blood in the stool","family":"Diarrhoea","optionsList":[{"id":"Yes","name":"Yes"},{"id":"No","name":"No"}]},{"viewType":"SingleSelectionView","id":"movementOnStimulation","title":"Moves only when stimulated","family":"Diarrhoea","optionsList":[{"id":"Yes","name":"Yes"},{"id":"No","name":"No"}]},{"viewType":"SingleSelectionView","id":"noMovementOnStimulation","title":"No movement when stimulated","family":"Diarrhoea","optionsList":[{"id":"Yes","name":"Yes"},{"id":"No","name":"No"}]},{"viewType":"SingleSelectionView","id":"restlessOrIrritable","title":"Restless / Irritable","family":"Diarrhoea","optionsList":[{"id":"Yes","name":"Yes"},{"id":"No","name":"No"}]},{"viewType":"SingleSelectionView","id":"sunkenEyes","title":"Sunken eyes","family":"Diarrhoea","optionsList":[{"id":"Yes","name":"Yes"},{"id":"No","name":"No"}]},{"viewType":"SingleSelectionView","id":"skinPinch","title":"Skin pinch","family":"Diarrhoea","optionsList":[{"id":"Goes back slowly","name":"Goes back slowly"},{"id":"Goes back very slowly","name":"Goes back very slowly"}]}]},{"diseaseName":"Check for HIV Infection","questionnaires":[{"viewType":"SingleSelectionView","id":"hasPositiveVirologicalTestForInfant","title":"Infant has +ve virological test","family":"Check for HIV Infection","optionsList":[{"id":"Yes","name":"Yes"},{"id":"No","name":"No"}]},{"viewType":"SingleSelectionView","id":"isMotherPostiveAndChildNegative","title":"Mother +ve and child -ve","family":"Check for HIV Infection","optionsList":[{"id":"Yes","name":"Yes"},{"id":"No","name":"No"}]},{"viewType":"SingleSelectionView","id":"isMotherPostiveAndInfantNotTested","title":"Mother +ve and infant not tested","family":"Check for HIV Infection","optionsList":[{"id":"Yes","name":"Yes"},{"id":"No","name":"No"}]},{"viewType":"SingleSelectionView","id":"hasPositiveAntibodyTestForInfant","title":"Infant has +ve antibody test","family":"Check for HIV Infection","optionsList":[{"id":"Yes","name":"Yes"},{"id":"No","name":"No"}]},{"viewType":"SingleSelectionView","id":"hasNegativeForMotherAndChild","title":"Negative test for mother or child","family":"Check for HIV Infection","optionsList":[{"id":"Yes","name":"Yes"},{"id":"No","name":"No"}]}]},{"diseaseName":"Feeding Problem (For all Breastfeeding)","questionnaires":[{"viewType":"SingleSelectionView","id":"anyBreastfeedingDifficulty","title":"Any breastfeeding difficulty","family":"Feeding Problem (For all Breastfeeding)","optionsList":[{"id":"Yes","name":"Yes"},{"id":"No","name":"No"}]},{"viewType":"SingleSelectionView","id":"lessThan8BreastfeedIn24hrs","title":"<8 breastfeeds in 24hrs","family":"Feeding Problem (For all Breastfeeding)","optionsList":[{"id":"Yes","name":"Yes"},{"id":"No","name":"No"}]},{"viewType":"SingleSelectionView","id":"switchingBreastFrequently","title":"Switching breast frequently","family":"Feeding Problem (For all Breastfeeding)","optionsList":[{"id":"Yes","name":"Yes"},{"id":"No","name":"No"}]},{"viewType":"SingleSelectionView","id":"notIncreasingBFInIllness","title":"Not increasing BF during illness","family":"Feeding Problem (For all Breastfeeding)","optionsList":[{"id":"Yes","name":"Yes"},{"id":"No","name":"No"}]},{"viewType":"SingleSelectionView","id":"receivesOtherFoodsOrDrinks","title":"Receives other foods / drinks","family":"Feeding Problem (For all Breastfeeding)","optionsList":[{"id":"Yes","name":"Yes"},{"id":"No","name":"No"}]},{"viewType":"SingleSelectionView","id":"mouthUlcersOrThrush","title":"Mouth ulcers / thrush","family":"Feeding Problem (For all Breastfeeding)","optionsList":[{"id":"Yes","name":"Yes"},{"id":"No","name":"No"}]},{"viewType":"SingleSelectionView","id":"underweight","title":"Underweight","family":"Feeding Problem (For all Breastfeeding)","optionsList":[{"id":"Yes","name":"Yes"},{"id":"No","name":"No"}]},{"viewType":"SingleSelectionView","id":"positioning","title":"Positioning","family":"Feeding Problem (For all Breastfeeding)","optionsList":[{"id":"Good","name":"Good"},{"id":"Poor","name":"Poor"}]},{"viewType":"SingleSelectionView","id":"attachment","title":"Attachment","family":"Feeding Problem (For all Breastfeeding)","optionsList":[{"id":"Good","name":"Good"},{"id":"Poor","name":"Poor"}]},{"viewType":"SingleSelectionView","id":"suckling","title":"Suckling","family":"Feeding Problem (For all Breastfeeding)","optionsList":[{"id":"Good","name":"Good"},{"id":"Poor","name":"Poor"}]},{"viewType":"SingleSelectionView","id":"noFeedingProblem","title":"No feeding problem","family":"Feeding Problem (For all Breastfeeding)","optionsList":[{"id":"Not Under Weight","name":"Not Under Weight"},{"id":"Under Weight","name":"Under Weight"}]}]},{"diseaseName":"Feeding Problem (For all Non-Breastfeeding)","questionnaires":[{"viewType":"SingleSelectionView","id":"inappropriateReplacementFeeds","title":"Giving inappropriate replacement feeds","family":"Feeding Problem (For all Non-Breastfeeding)","optionsList":[{"id":"Yes","name":"Yes"},{"id":"No","name":"No"}]},{"viewType":"SingleSelectionView","id":"insufficientReplacementFeeds","title":"Giving insufficient replacement feeds","family":"Feeding Problem (For all Non-Breastfeeding)","optionsList":[{"id":"Yes","name":"Yes"},{"id":"No","name":"No"}]},{"viewType":"SingleSelectionView","id":"incorrectlyPreparedMilk","title":"Milk incorrectly or unhygienically prepared","family":"Feeding Problem (For all Non-Breastfeeding)","optionsList":[{"id":"Yes","name":"Yes"},{"id":"No","name":"No"}]},{"viewType":"SingleSelectionView","id":"useOfFeedingBottle","title":"Using a feeding bottle","family":"Feeding Problem (For all Non-Breastfeeding)","optionsList":[{"id":"Yes","name":"Yes"},{"id":"No","name":"No"}]},{"viewType":"SingleSelectionView","id":"feedFormHIVPositiveMother","title":"HIV positive mother mixing breast milk and other feeds ","family":"Feeding Problem (For all Non-Breastfeeding)","optionsList":[{"id":"Yes","name":"Yes"},{"id":"No","name":"No"}]},{"viewType":"SingleSelectionView","id":"bottleFeeding","title":"Bottle feeding","family":"Feeding Problem (For all Non-Breastfeeding)","optionsList":[{"id":"Yes","name":"Yes"},{"id":"No","name":"No"}]},{"viewType":"SingleSelectionView","id":"lowWeightForAge","title":"Low weight for age ","family":"Feeding Problem (For all Non-Breastfeeding)","optionsList":[{"id":"Yes","name":"Yes"},{"id":"No","name":"No"}]},{"viewType":"SingleSelectionView","id":"thrush","title":"Thrush","family":"Feeding Problem (For all Non-Breastfeeding)","optionsList":[{"id":"Good","name":"Good"},{"id":"Poor","name":"Poor"}]}]}]',0,0,'UNDER_TWO_MONTHS');

INSERT INTO public.health_facility_type (name,created_by,updated_by,app_types) VALUES
	 ('Community Health Post',0,0,'{COMMUNITY}'),
	 ('Community Health Centre',0,0,'{COMMUNITY}'),
	 ('Maternity and Child Health Post',0,0,'{COMMUNITY}');

-- menu
INSERT INTO public.menu (role_name,menu,meta,meta_forms,created_by,updated_by,app_types,json_display_values) VALUES
	 ('HEALTH_FACILITY_ADMIN','[{"BY_HEALTH_FACILITY": [{"name": "HEALTH_FACILITY_SUMMARY", "order": 1, "route": "/health-facility/:healthFacilityId/:tenantId", "displayName": "Health Facility"}, {"name": "USERS_BY_HEALTH_FACILITY", "order": 2, "route": "/health-facility/:healthFacilityId/:tenantId/user", "displayName": "Users"}]}]',NULL,NULL,0,0,'{COMMUNITY}',NULL),
	 ('CHW','[{"name": "HOUSEHOLDS", "type": "main", "order": 1}, {"name": "MY PATIENTS", "type": "main", "order": 2}]','{Symptoms}',NULL,0,0,'{COMMUNITY}',NULL),
	 ('PEER_SUPERVISOR','[{"name": "PERFORMANCE MONITORING", "type": "main", "order": 10}]','{Symptoms}',NULL,0,0,'{COMMUNITY}',NULL),
	 ('SUPER_ADMIN','[{"BY_REGION": [{"name": "REGION", "order": 1, "route": "/region/:regionId/:tenantId", "displayName": "Region"}, {"name": "LAB_TEST_DATABASE_BY_REGION", "order": 2, "route": "/region/:regionId/:tenantId/lab-test", "displayName": "Lab/Imaging Database"}, {"name": "MEDICATION_DATABASE_BY_REGION", "order": 3, "route": "/region/:regionId/:tenantId/medication/list", "displayName": "Medication Database"}, {"name": "HEALTH_FACILITY_BY_REGION", "order": 4, "route": "/region/:regionId/:tenantId/health-facility", "displayName": "Health Facility"}, {"name": "USERS_BY_REGION", "order": 5, "route": "/region/:regionId/:tenantId/user", "displayName": "Users"}], "BY_HEALTH_FACILITY": [{"name": "REGION", "order": 1, "route": "/region/:regionId/:tenantId", "displayName": "Region"}, {"name": "LAB_TEST_DATABASE_BY_REGION", "order": 2, "route": "/region/:regionId/:tenantId/lab-test", "displayName": "Lab/Imaging Database"}, {"name": "MEDICATION_DATABASE_BY_REGION", "order": 3, "route": "/region/:regionId/:tenantId/medication/list", "displayName": "Medication Database"}, {"name": "HEALTH_FACILITY_BY_REGION", "order": 4, "route": "/region/:regionId/:tenantId/health-facility", "displayName": "Health Facility"}, {"name": "USERS_BY_REGION", "order": 5, "route": "/region/:regionId/:tenantId/user", "displayName": "Users"}]}]',NULL,NULL,0,0,'{COMMUNITY}',NULL),
	 ('SUPER_USER','[{"BY_REGION": [{"name": "REGION", "order": 1, "route": "/region/:regionId/:tenantId", "displayName": "Region"}, {"name": "LAB_TEST_DATABASE_BY_REGION", "order": 2, "route": "/region/:regionId/:tenantId/lab-test", "displayName": "Lab/Imaging Database"}, {"name": "MEDICATION_DATABASE_BY_REGION", "order": 3, "route": "/region/:regionId/:tenantId/medication/list", "displayName": "Medication Database"}, {"name": "HEALTH_FACILITY_BY_REGION", "order": 4, "route": "/region/:regionId/:tenantId/health-facility", "displayName": "Health Facility"}, {"name": "USERS_BY_REGION", "order": 5, "route": "/region/:regionId/:tenantId/user", "displayName": "Users"}], "BY_HEALTH_FACILITY": [{"name": "REGION", "order": 1, "route": "/region/:regionId/:tenantId", "displayName": "Region"}, {"name": "LAB_TEST_DATABASE_BY_REGION", "order": 2, "route": "/region/:regionId/:tenantId/lab-test", "displayName": "Lab/Imaging Database"}, {"name": "MEDICATION_DATABASE_BY_REGION", "order": 3, "route": "/region/:regionId/:tenantId/medication/list", "displayName": "Medication Database"}, {"name": "HEALTH_FACILITY_BY_REGION", "order": 4, "route": "/region/:regionId/:tenantId/health-facility", "displayName": "Health Facility"}, {"name": "USERS_BY_REGION", "order": 5, "route": "/region/:regionId/:tenantId/user", "displayName": "Users"}]}]',NULL,NULL,0,0,'{COMMUNITY}',NULL);

-- meta
INSERT INTO public.meta ("name",display_order,"type",category,is_active,is_deleted,value,description,created_by,updated_by,app_types,display_values) VALUES
	 ('Exclusive breast feeding',1,'UNDER_TWO_MONTHS','counselled_on',true,false,'exclusiveBreastFeeding',NULL,0,0,'{COMMUNITY}',NULL),
	 ('Use of ITN',2,'UNDER_TWO_MONTHS','counselled_on',true,false,'useOfITN',NULL,0,0,'{COMMUNITY}',NULL),
	 ('Keeping the young infant warm',3,'UNDER_TWO_MONTHS','counselled_on',true,false,'keepingTheYoungInfantWarm',NULL,0,0,'{COMMUNITY}',NULL),
	 ('Child immunisation',4,'UNDER_TWO_MONTHS','counselled_on',true,false,'childImmunisation',NULL,0,0,'{COMMUNITY}',NULL),
	 ('On when to return',5,'UNDER_TWO_MONTHS','counselled_on',true,false,'onWhenToReturn',NULL,0,0,'{COMMUNITY}',NULL),
	 ('Sickle cell disease',1,'ANC_REVIEW','pregnancy_history',true,false,'sickleCellDisease',NULL,0,0,'{COMMUNITY}',NULL),
	 ('Ebola virus disease survivor',2,'ANC_REVIEW','pregnancy_history',true,false,'ebolaVirusDiseaseSurvivor',NULL,0,0,'{COMMUNITY}',NULL),
	 ('Disability',3,'ANC_REVIEW','pregnancy_history',true,false,'disability',NULL,0,0,'{COMMUNITY}',NULL),
	 ('Cervical cancer',4,'ANC_REVIEW','pregnancy_history',true,false,'cervicalCancer',NULL,0,0,'{COMMUNITY}',NULL),
	 ('Other',5,'ANC_REVIEW','pregnancy_history',true,false,'other',NULL,0,0,'{COMMUNITY}',NULL);
INSERT INTO public.meta ("name",display_order,"type",category,is_active,is_deleted,value,description,created_by,updated_by,app_types,display_values) VALUES
	 ('Glove, Examination, Disposable Piece',1,'ABOVE_FIVE_YEARS','medical_supplies',true,false,'gloveExaminationDisposablePiece',NULL,0,0,'{COMMUNITY}',NULL),
	 ('Needle, Disposable, Piece',2,'ABOVE_FIVE_YEARS','medical_supplies',true,false,'needleDisposablePiece',NULL,0,0,'{COMMUNITY}',NULL),
	 ('Green',1,NULL,'muac',true,false,'green',NULL,0,0,'{COMMUNITY}',NULL),
	 ('Free health care',1,'ABOVE_FIVE_YEARS','cost',true,false,'freeHealthCare',NULL,0,0,'{COMMUNITY}',NULL),
	 ('Cost recovery',2,'ABOVE_FIVE_YEARS','cost',true,false,'costRecovery',NULL,0,0,'{COMMUNITY}',NULL),
	 ('On Treatment',1,NULL,'patient_status',true,false,'OnTreatment',NULL,0,0,'{COMMUNITY}',NULL),
	 ('Recovered',2,NULL,'patient_status',true,false,'Recovered',NULL,0,0,'{COMMUNITY}',NULL),
	 ('A RhD Positive (A+)',1,NULL,'blood_group',true,false,'aRhdPositive',NULL,0,0,'{COMMUNITY}',NULL),
	 ('A RhD Negative (A-)',2,NULL,'blood_group',true,false,'aRhdNegative',NULL,0,0,'{COMMUNITY}',NULL),
	 ('B RhD Positive (B+)',3,NULL,'blood_group',true,false,'bRhdPositive',NULL,0,0,'{COMMUNITY}',NULL);
INSERT INTO public.meta ("name",display_order,"type",category,is_active,is_deleted,value,description,created_by,updated_by,app_types,display_values) VALUES
	 ('B RhD Negative (B-)',4,NULL,'blood_group',true,false,'bRhdNegative',NULL,0,0,'{COMMUNITY}',NULL),
	 ('O RhD Positive (O+)',5,NULL,'blood_group',true,false,'oRhdPositive',NULL,0,0,'{COMMUNITY}',NULL),
	 ('Difficult expulsive of placenta',2,'MOTHER_DELIVERY_REVIEW','risk_factors',true,false,'difficultExpulsiveOfPlacenta',NULL,0,0,'{COMMUNITY}',NULL),
	 ('Excessive IPH (>=15mls)',3,'MOTHER_DELIVERY_REVIEW','risk_factors',true,false,'excessiveIph',NULL,0,0,'{COMMUNITY}',NULL),
	 ('Post-partum hemorrhage (bleeding>=500mls)',4,'MOTHER_DELIVERY_REVIEW','risk_factors',true,false,'postPartumHemorrhage',NULL,0,0,'{COMMUNITY}',NULL),
	 ('Lactation established',1,'MOTHER_DELIVERY_REVIEW','mother_delivery_status',true,false,'lactationEstablished',NULL,0,0,'{COMMUNITY}',NULL),
	 ('Mother eating normally',2,'MOTHER_DELIVERY_REVIEW','mother_delivery_status',true,false,'motherEatingNormally',NULL,0,0,'{COMMUNITY}',NULL),
	 ('Educated about FP',3,'MOTHER_DELIVERY_REVIEW','mother_delivery_status',true,false,'educatedAboutFp',NULL,0,0,'{COMMUNITY}',NULL),
	 ('Live birth',1,'MOTHER_DELIVERY_REVIEW','neonate_outcome',true,false,'liveBirth',NULL,0,0,'{COMMUNITY}',NULL),
	 ('Macerated still birth',2,'MOTHER_DELIVERY_REVIEW','neonate_outcome',true,false,'maceratedStillBirth',NULL,0,0,'{COMMUNITY}',NULL);
INSERT INTO public.meta ("name",display_order,"type",category,is_active,is_deleted,value,description,created_by,updated_by,app_types,display_values) VALUES
	 ('Fresh still birth',3,'MOTHER_DELIVERY_REVIEW','neonate_outcome',true,false,'freshStillBirth',NULL,0,0,'{COMMUNITY}',NULL),
	 ('Up to date',1,NULL,'immunisation_status',true,false,'upToDate',NULL,0,0,'{COMMUNITY}',NULL),
	 ('Not up to date',2,NULL,'immunisation_status',true,false,'notUpToDate',NULL,0,0,'{COMMUNITY}',NULL),
	 ('Not started',3,NULL,'immunisation_status',true,false,'upComing',NULL,0,0,'{COMMUNITY}',NULL),
	 ('Yellow',2,NULL,'muac',true,false,'yellow',NULL,0,0,'{COMMUNITY}',NULL),
	 ('Red',3,NULL,'muac',true,false,'red',NULL,0,0,'{COMMUNITY}',NULL),
	 ('OD',1,NULL,'medication_frequency',true,false,'1','Daily',0,0,'{COMMUNITY}',NULL),
	 ('BD',2,NULL,'medication_frequency',true,false,'2','Twice a day',0,0,'{COMMUNITY}',NULL),
	 ('TDS',3,NULL,'medication_frequency',true,false,'3','Three times a day',0,0,'{COMMUNITY}',NULL),
	 ('QDS',4,NULL,'medication_frequency',true,false,'4','Four times a day',0,0,'{COMMUNITY}',NULL);
INSERT INTO public.meta ("name",display_order,"type",category,is_active,is_deleted,value,description,created_by,updated_by,app_types,display_values) VALUES
	 ('OM',5,NULL,'medication_frequency',true,false,'1','In the morning',0,0,'{COMMUNITY}',NULL),
	 ('ON',6,NULL,'medication_frequency',true,false,'1','At night',0,0,'{COMMUNITY}',NULL),
	 ('Syringe, Disposable, Piece',3,'ABOVE_FIVE_YEARS','medical_supplies',true,false,'syringeDisposablePiece',NULL,0,0,'{COMMUNITY}',NULL),
	 ('AB RhD Positive (AB+)',7,NULL,'blood_group',true,false,'abRhdPositive',NULL,0,0,'{COMMUNITY}',NULL),
	 ('AB RhD Negative (AB-)',8,NULL,'blood_group',true,false,'abRhdNegative',NULL,0,0,'{COMMUNITY}',NULL),
	 ('Assisted (Vacuum)',2,'MOTHER_DELIVERY_REVIEW','delivery_type',true,false,'assistedVacuum',NULL,0,0,'{COMMUNITY}',NULL),
	 ('Midwife',2,'MOTHER_DELIVERY_REVIEW','delivery_by',true,false,'midwife',NULL,0,0,'{COMMUNITY}',NULL),
	 ('PHU',1,'MOTHER_DELIVERY_REVIEW','delivery_at',true,false,'phu',NULL,0,0,'{COMMUNITY}',NULL),
	 ('Mother survived delivery',1,'MOTHER_DELIVERY_REVIEW','delivery_status',true,false,'motherSurvivedDelivery',NULL,0,0,'{COMMUNITY}',NULL),
	 ('Good',1,'MOTHER_DELIVERY_REVIEW','condition_of_mother',true,false,'good',NULL,0,0,'{COMMUNITY}',NULL);
INSERT INTO public.meta ("name",display_order,"type",category,is_active,is_deleted,value,description,created_by,updated_by,app_types,display_values) VALUES
	 ('Fair',2,'MOTHER_DELIVERY_REVIEW','condition_of_mother',true,false,'fair',NULL,0,0,'{COMMUNITY}',NULL),
	 ('Poor',3,'MOTHER_DELIVERY_REVIEW','condition_of_mother',true,false,'poor',NULL,0,0,'{COMMUNITY}',NULL),
	 ('Very Poor',4,'MOTHER_DELIVERY_REVIEW','condition_of_mother',true,false,'veryPoor',NULL,0,0,'{COMMUNITY}',NULL),
	 ('Placenta & membranes complete',1,'MOTHER_DELIVERY_REVIEW','risk_factors',true,false,'placentaAndMembranesComplete',NULL,0,0,'{COMMUNITY}',NULL),
	 ('O RhD Negative (O-)',6,NULL,'blood_group',true,false,'oRhdNegative',NULL,0,0,'{COMMUNITY}',NULL),
	 ('CC',7,NULL,'medication_frequency',true,false,'1','With food',0,0,'{COMMUNITY}',NULL),
	 ('PC',8,NULL,'medication_frequency',true,false,'1','After food',0,0,'{COMMUNITY}',NULL),
	 ('AC',9,NULL,'medication_frequency',true,false,'1','Before food',0,0,'{COMMUNITY}',NULL),
	 ('PRN',10,NULL,'medication_frequency',true,false,'1','When required',0,0,'{COMMUNITY}',NULL),
	 ('AM',11,NULL,'medication_frequency',true,false,'1','Once a day',0,0,'{COMMUNITY}',NULL);
INSERT INTO public.meta ("name",display_order,"type",category,is_active,is_deleted,value,description,created_by,updated_by,app_types,display_values) VALUES
	 ('PM',12,NULL,'medication_frequency',true,false,'1','Once a day',0,0,'{COMMUNITY}',NULL),
	 ('OTHER',13,NULL,'medication_frequency',true,false,'1',' ',0,0,'{COMMUNITY}',NULL),
	 ('Normal',1,'MOTHER_DELIVERY_REVIEW','delivery_type',true,false,'normal',NULL,0,0,'{COMMUNITY}',NULL),
	 ('Caeserian',3,'MOTHER_DELIVERY_REVIEW','delivery_type',true,false,'cs',NULL,0,0,'{COMMUNITY}',NULL),
	 ('Doctor',1,'MOTHER_DELIVERY_REVIEW','delivery_by',true,false,'doctor',NULL,0,0,'{COMMUNITY}',NULL),
	 ('CHO',3,'MOTHER_DELIVERY_REVIEW','delivery_by',true,false,'cho',NULL,0,0,'{COMMUNITY}',NULL),
	 ('SECHN (SE Community Health Nurse)',4,'MOTHER_DELIVERY_REVIEW','delivery_by',true,false,'SECommunityHealthNurse',NULL,0,0,'{COMMUNITY}',NULL),
	 ('MCHA',5,'MOTHER_DELIVERY_REVIEW','delivery_by',true,false,'mcha',NULL,0,0,'{COMMUNITY}',NULL),
	 ('CHA',6,'MOTHER_DELIVERY_REVIEW','delivery_by',true,false,'cha',NULL,0,0,'{COMMUNITY}',NULL),
	 ('TBA',7,'MOTHER_DELIVERY_REVIEW','delivery_by',true,false,'tba',NULL,0,0,'{COMMUNITY}',NULL);
INSERT INTO public.meta ("name",display_order,"type",category,is_active,is_deleted,value,description,created_by,updated_by,app_types,display_values) VALUES
	 ('Others (Specify)',8,'MOTHER_DELIVERY_REVIEW','delivery_by',true,false,'others',NULL,0,0,'{COMMUNITY}',NULL),
	 ('Cephalic presentation',4,'MOTHER_DELIVERY_REVIEW','delivery_type',true,false,'cephalicPresentation',NULL,0,0,'{COMMUNITY}',NULL),
	 ('Breach presentation',5,'MOTHER_DELIVERY_REVIEW','delivery_type',true,false,'breachPresentation',NULL,0,0,'{COMMUNITY}',NULL),
	 ('Mother alive 24 hrs after delivery',2,'MOTHER_DELIVERY_REVIEW','delivery_status',true,false,'motherAliveAfterDelivery',NULL,0,0,'{COMMUNITY}',NULL),
	 ('Hospital',2,'MOTHER_DELIVERY_REVIEW','delivery_at',true,false,'hospital',NULL,0,0,'{COMMUNITY}',NULL),
	 ('Community',3,'MOTHER_DELIVERY_REVIEW','delivery_at',true,false,'community',NULL,0,0,'{COMMUNITY}',NULL),
	 ('Referred to Doctor',4,'MOTHER_DELIVERY_REVIEW','mother_delivery_status',true,false,'referredToDoctor',NULL,0,0,'{COMMUNITY}',NULL),
	 ('Episiotomy',1,'MOTHER_DELIVERY_REVIEW','state_of_perineum',true,false,'episiotomy',NULL,0,0,'{COMMUNITY}',NULL),
	 ('Tear',2,'MOTHER_DELIVERY_REVIEW','state_of_perineum',true,false,'tear',NULL,0,0,'{COMMUNITY}',NULL),
	 ('Completed',4,NULL,'immunisation_status',true,false,'completed',NULL,0,0,'{COMMUNITY}',NULL);
INSERT INTO public.meta ("name",display_order,"type",category,is_active,is_deleted,value,description,created_by,updated_by,app_types,display_values) VALUES
	 ('None',3,'MOTHER_DELIVERY_REVIEW','state_of_perineum',true,false,'none',NULL,0,0,'{COMMUNITY}',NULL),
	 ('Live birth',1,'MOTHER_DELIVERY_REVIEW','pnc_neonate_outcome',true,false,'liveBirth',NULL,0,0,'{COMMUNITY}',NULL),
	 ('Still birth',2,'MOTHER_DELIVERY_REVIEW','pnc_neonate_outcome',true,false,'stillBirth',NULL,0,0,'{COMMUNITY}',NULL),
	 ('Miscarriage',3,'MOTHER_DELIVERY_REVIEW','pnc_neonate_outcome',true,false,'miscarriage',NULL,0,0,'{COMMUNITY}',NULL),
	 ('Others (Specify)',4,'MOTHER_DELIVERY_REVIEW','delivery_at',true,false,'other',NULL,0,0,'{COMMUNITY}',NULL);

-- meta_code_details
INSERT INTO public.meta_code_details ("name",codes,"text",created_by,updated_by) VALUES
	 ('burns',NULL,'Burns',0,0),
	 ('ownedAnImprovedLatrine',NULL,'Owns an improved latrine?',0,0),
	 ('ownedHandWashingFacilityWithSoap',NULL,'Owns hand washing facility with soap?',0,0),
	 ('ownedTreatedBedNet',NULL,'Owns a treated bed net?',0,0),
	 ('bedNetCount',NULL,'How many bed nets?',0,0),
	 ('unusualSleepy',NULL,'Unconscious or unusually sleepy',0,0),
	 ('convulsionPastFewDays',NULL,'Convulsions now or in the past few days',0,0),
	 ('vomitingEverything',NULL,'Vomiting everything',0,0),
	 ('breastfeed',NULL,'Not able to breastfeed or drink',0,0),
	 ('MUAC',NULL,'MUAC',0,0);
INSERT INTO public.meta_code_details ("name",codes,"text",created_by,updated_by) VALUES
	 ('oedemaOfBothFeet',NULL,'Oedema of both feet (SAM)',0,0),
	 ('noOfDaysOfDiarrhoea',NULL,'Number of days of diarrhoea',0,0),
	 ('bloodyDiarrhoea',NULL,'Bloody Diarrhoea',0,0),
	 ('ORS',NULL,'ORS',0,0),
	 ('zinc',NULL,'Zinc',0,0),
	 ('hasFever',NULL,'Fever, History of Fever or hot body',0,0),
	 ('temperature',NULL,'Temperature (in C)',0,0),
	 ('underweight',NULL,'Underweight',0,0),
	 ('isTakenToClinic',NULL,'Was the child actually taken to the Clinic',0,0),
	 ('noOfDaysOfFever',NULL,'Number of days of fever',0,0);
INSERT INTO public.meta_code_details ("name",codes,"text",created_by,updated_by) VALUES
	 ('RDTTest',NULL,'RDT-Test (+/-)',0,0),
	 ('ACT',NULL,'ACT',0,0),
	 ('noOfDaysOfCough',NULL,'Number of days of cough',0,0),
	 ('breathsPerMinute',NULL,'Breaths per minute',0,0),
	 ('amoxicillin',NULL,'Amoxicillin',0,0),
	 ('lastMenstrualPeriod',NULL,'Last Menstrual Period',0,0),
	 ('isMalePartnerPresent',NULL,'Male Partner Present?',0,0),
	 ('sleepsUnderBedNet',NULL,'Sleeps under Bednet?',0,0),
	 ('eatsMoreThanBefore',NULL,'Eats more than before?',0,0),
	 ('eats4GroupIronAndVitaminARichFoods',NULL,'Eats from 4 food groups plus iron-rich and vitamin-A rich foods?',0,0);
INSERT INTO public.meta_code_details ("name",codes,"text",created_by,updated_by) VALUES
	 ('takesIronFolateTablets',NULL,'Takes iron-folate tablets',0,0),
	 ('takesFancidarTablets',NULL,'Takes Fancidar tablets',0,0),
	 ('priorityPregnancy',NULL,'Priority pregnancy',0,0),
	 ('miscarriageOrStillbirth',NULL,'Miscarriage/Stillbirth',0,0),
	 ('deathOfMother',NULL,'Death of mother',0,0),
	 ('birthPlanMade',NULL,'Birth plan made',0,0),
	 ('placeOfDelivery',NULL,'Place of delivery (Intended per birth plan)',0,0),
	 ('estimatedDeliveryDate',NULL,'Estimated Delivery Date',0,0),
	 ('gestationalAge',NULL,'Gestational Age',0,0),
	 ('dateOfDelivery',NULL,'Date of Delivery',0,0);
INSERT INTO public.meta_code_details ("name",codes,"text",created_by,updated_by) VALUES
	 ('noOfNeonates',NULL,'No of Neonate',0,0),
	 ('fatherPresent',NULL,'Father present?',0,0),
	 ('exclusivelyBreastfeeding',NULL,'Exclusively breastfeeding?',0,0),
	 ('chlorhexidine',NULL,'Chlorhexidine',0,0),
	 ('newBornReferredToSBCU',NULL,'Newborn referred to SBCU',0,0),
	 ('lowBirthWeight',NULL,'Low birth weight',0,0),
	 ('deathOfNewBorn',NULL,'Death of newborn',0,0),
	 ('takingMinimumMealsPerDay',NULL,'Taking minimum meals per day',0,0),
	 ('fedFrom4FoodGroups',NULL,'Fed from 4 food groups',0,0),
	 ('motherOrPartnerUsingFamilyPlanning',NULL,'Mother / Partner using family planning',0,0);
INSERT INTO public.meta_code_details ("name",codes,"text",created_by,updated_by) VALUES
	 ('deathOfBaby',NULL,'Death of baby',0,0),
	 ('neurologicalExam',NULL,'Neurological exam',0,0),
	 ('nearestPHUReferredTo',NULL,'Nearest PHU Referred to',0,0),
	 ('nextVisitDate',NULL,'Next visit date',0,0),
	 ('clinicalNotes',NULL,'Clinical Notes',0,0),
	 ('weight',NULL,'Weight (in Kgs)',0,0),
	 ('height',NULL,'Height (in cms)',0,0),
	 ('WAZ',NULL,'WAZ',0,0),
	 ('WHZ',NULL,'WHZ',0,0),
	 ('suckling',NULL,'Suckling',0,0);
INSERT INTO public.meta_code_details ("name",codes,"text",created_by,updated_by) VALUES
	 ('lactationEstablished',NULL,'Lactation established',0,0),
	 ('immunisationStatus',NULL,'Immunisation Status',0,0),
	 ('respirationRate',NULL,'Respiration Rate',0,0),
	 ('breastFeeding',NULL,'Breast feeding',0,0),
	 ('vitAForMother',NULL,'Vitamin A for mother',0,0),
	 ('presentingComplaints',NULL,'Presenting Complaints',0,0),
	 ('stoppedFeeding',NULL,'Stopped feeding well or not feeding at all',0,0),
	 ('convulsions',NULL,'Convulsions',0,0),
	 ('severeChestIndrawing',NULL,'Severe chest indrawing',0,0),
	 ('moveWhenStimulatedOrNoMovementOnStimulation',NULL,'Move only when stimulated or no movement when stimulated.',0,0);
INSERT INTO public.meta_code_details ("name",codes,"text",created_by,updated_by) VALUES
	 ('skinPustules',NULL,'Skin pustules?',0,0),
	 ('umbilicusRedOrDrainingPus',NULL,'Umbilicus red or draining pus? ',0,0),
	 ('yellowSkinOrFaceLessThan24hrs',NULL,'Yellow skin or face less than 24 hrs',0,0),
	 ('yellowPalmsAndSoles',NULL,'Yellow palms and soles at any age',0,0),
	 ('jaundiceAppearing',NULL,'Jaundice appearing after 24 hrs of age and palms ',0,0),
	 ('solesNotYellow',NULL,'Soles not yellow',0,0),
	 ('noJaundice',NULL,'No jaundice',0,0),
	 ('timePeriod',NULL,'How long (days)?',0,0),
	 ('bloodInStool',NULL,'Blood in the stool',0,0),
	 ('movesWhenStimulated',NULL,'Moves only when stimulated',0,0);
INSERT INTO public.meta_code_details ("name",codes,"text",created_by,updated_by) VALUES
	 ('noMovementOnStimulation',NULL,'No Movement when stimulated',0,0),
	 ('restlessOrIrritable',NULL,'Restless / Irritable',0,0),
	 ('sunkenEyes',NULL,'Sunken eyes',0,0),
	 ('skinPinch',NULL,'Skin pinch',0,0),
	 ('hasPositiveVirologicalTestForInfant',NULL,'Infant has +ve virological test',0,0),
	 ('isMotherPositiveAndChildNegative',NULL,'Mother +ve and child -ve',0,0),
	 ('others',NULL,'Others (Specify)',0,0),
	 ('isMotherPositiveAndInfantNotTested',NULL,'Mother +ve and infant not tested',0,0),
	 ('hasPositiveAntibodyTestForInfant',NULL,'Infant has +ve antibody test',0,0),
	 ('hasNegativeTestForMotherOrChild',NULL,'Negative test for mother or child',0,0);
INSERT INTO public.meta_code_details ("name",codes,"text",created_by,updated_by) VALUES
	 ('anyBreastfeedingDifficulty',NULL,'Any Breastfeeding difficulty',0,0),
	 ('lessThan8BreastfeedsIn24hrs',NULL,'<8 breastfeeds in 24hrs',0,0),
	 ('switchingBreastFrequently',NULL,'Switching breast frequently',0,0),
	 ('notIncreasingBFDuringIllness',NULL,'Not increasing BF during illness',0,0),
	 ('receivesOtherFoodsOrDrinks',NULL,'Receives other foods / drinks',0,0),
	 ('mouthUlcersOrThrush',NULL,'Mouth ulcers / thrush',0,0),
	 ('positioning',NULL,'Positioning',0,0),
	 ('attachment',NULL,'Attachment',0,0),
	 ('noFeedingProblem',NULL,'No Feeding Problem',0,0),
	 ('inappropriateReplacementFeeds',NULL,'Giving inappropriate replacement feeds',0,0);
INSERT INTO public.meta_code_details ("name",codes,"text",created_by,updated_by) VALUES
	 ('insufficientReplacementFeeds',NULL,'Giving insufficient replacement feeds',0,0),
	 ('incorrectlyPreparedMilk',NULL,'Milk incorrectly or unhygienically prepared',0,0),
	 ('useOfFeedingBottle',NULL,'Using a feeding bottle',0,0),
	 ('HIVMotherMixingFeeds',NULL,'HIV positive mother mixing breast milk and other feeds',0,0),
	 ('bottleFeeding',NULL,'Bottle feeding',0,0),
	 ('lowWeightForAge',NULL,'Low weight for age',0,0),
	 ('lowBodyTemperature',NULL,'Low body temperature (less than 35.5C) ',0,0),
	 ('diarrhoea',NULL,'Diarrhoea',0,0),
	 ('thrush',NULL,'Thrush',0,0),
	 ('albendazole',NULL,'Albendazole',0,0);
INSERT INTO public.meta_code_details ("name",codes,"text",created_by,updated_by) VALUES
	 ('unableToDrinkOrBreastfeed',NULL,'Unable to drink or breastfeed',0,0),
	 ('historyOfConvulsion',NULL,'History of convulsion',0,0),
	 ('convulsingNow',NULL,'Convulsing now',0,0),
	 ('lethargicOrUnconscious',NULL,'Lethargic or unconscious',0,0),
	 ('stridor',NULL,'Stridor',0,0),
	 ('noOfDays',NULL,'Number of days',0,0),
	 ('fever',NULL,'Fever',0,0),
	 ('microscopyResult',NULL,'Microscopy',0,0),
	 ('hasEarPain',NULL,'Ear Pain',0,0),
	 ('earDischarge',NULL,'Ear discharge',0,0);
INSERT INTO public.meta_code_details ("name",codes,"text",created_by,updated_by) VALUES
	 ('appetiteTest',NULL,'Appetite test',0,0),
	 ('mother',NULL,'Mother',0,0),
	 ('child',NULL,'Child',0,0),
	 ('bmi',NULL,'BMI',0,0),
	 ('systolic',NULL,'Systolic(mmHg)',0,0),
	 ('diastolic',NULL,'Diastolic(mmHg)',0,0),
	 ('pulse',NULL,'Pulse(BPM)',0,0),
	 ('noOfFetus',NULL,'No. of fetus',0,0),
	 ('gravida',NULL,'Gravida',0,0),
	 ('parity',NULL,'Parity',0,0);
INSERT INTO public.meta_code_details ("name",codes,"text",created_by,updated_by) VALUES
	 ('patientBloodGroup',NULL,'Patient Blood Group',0,0),
	 ('doesMotherHaveADeliveryKit',NULL,'Does mother have a delivery kit?',0,0),
	 ('fundalHeight',NULL,'Fundal Height (in cms)',0,0),
	 ('fetalHeartRate',NULL,'Fetal Heart Rate (BPM)',0,0),
	 ('dateAndTimeOfDelivery',NULL,'Date of Delivery',0,0),
	 ('dateAndTimeOfLabourOnset',NULL,'Date of Labour onset',0,0),
	 ('deliveryType',NULL,'Delivery Type',0,0),
	 ('deliveryBy',NULL,'Delivery By',0,0),
	 ('deliveryAt',NULL,'Delivery At',0,0),
	 ('deliveryStatus',NULL,'Delivery Status',0,0);
INSERT INTO public.meta_code_details ("name",codes,"text",created_by,updated_by) VALUES
	 ('noOfNeonates',NULL,'No of Neonates',0,0),
	 ('generalConditionOfMother',NULL,'General Condition of mother',0,0),
	 ('stateOfThePerineum',NULL,'State of the Perineum',0,0),
	 ('tear',NULL,'Tear',0,0),
	 ('ttDose',NULL,'TT Dose taken so far',0,0),
	 ('neonateOutcome',NULL,'Neonate Outcome',0,0),
	 ('gender',NULL,'Gender',0,0),
	 ('birthWeight',NULL,'Brith Weight',0,0),
	 ('stateOfBaby',NULL,'State of Baby',0,0),
	 ('motherAlive',NULL,'Is the mother alive?',0,0);
INSERT INTO public.meta_code_details ("name",codes,"text",created_by,updated_by) VALUES
	 ('childAlive',NULL,'Is the baby alive?',0,0),
	 ('breastCondition',NULL,'Breast Condition',0,0),
	 ('breastConditionNotes',NULL,'Specify your condition',0,0),
	 ('involutionsOfTheUterus',NULL,'Involutions of the uterus',0,0),
	 ('involutionsOfTheUterusNotes',NULL,'Specify your condition',0,0),
	 ('congenitalDetect',NULL,'Congenital detect',0,0),
	 ('cordExamination',NULL,'Cord Examination',0,0),
	 ('other',NULL,'Other',0,0),
	 ('noSymptoms',NULL,'No symptoms',0,0),
	 ('sunkenFontanelleLessThan18Months',NULL,'Sunken fontanelle (<18 months)',0,0);
INSERT INTO public.meta_code_details ("name",codes,"text",created_by,updated_by) VALUES
	 ('dryMouthOrTongue',NULL,'Dry mouth / Tongue',0,0),
	 ('noTearsWhenCrying',NULL,'No tears when crying',0,0),
	 ('unableToOrDrinkingPoorly',NULL,'Unable to or drinking poorly',0,0),
	 ('littleOrNoUrine',NULL,'Little or no urine',0,0),
	 ('unusuallySleepyOrUnconscious',NULL,'Unusually sleepy or unconscious',0,0),
	 ('skinPinchGoingBackVerySlowly',NULL,'Skin pinch going back very slowly',0,0),
	 ('veryThirsty',NULL,'Very thirsty',0,0),
	 ('restlessAndIrritable',NULL,'Restless, Irritable',0,0),
	 ('drinksEagerlyAndThirsty',NULL,'Drinks eagerly, thirsty',0,0),
	 ('abdominalPain',NULL,'Abdominal pain',0,0);
INSERT INTO public.meta_code_details ("name",codes,"text",created_by,updated_by) VALUES
	 ('bodySwelling',NULL,'Body swelling',0,0),
	 ('chestPain',NULL,'Chest pain',0,0),
	 ('difficultyInBreathing',NULL,'Difficulty in breathing',0,0),
	 ('earPainOrItchinessOrDischargeOrDifficultyHearing',NULL,'Ear pain / Itchiness / Discharge / Difficulty hearing',0,0),
	 ('fair',NULL,'Fair',0,0),
	 ('eyePainOrDischargeOrItchinessOrDifficultySeeing',NULL,'Eye pain / Discharge / Itchiness / Difficulty seeing',0,0),
	 ('injuryOrCutOrBruise',NULL,'Injury / Cut / Bruise',0,0),
	 ('jointOrBackAche',NULL,'Joint / Back ache',0,0),
	 ('painOnPassingUrine',NULL,'Pain on passing urine',0,0),
	 ('skinRashOrItchiness',NULL,'Skin rash / Itchiness',0,0);
INSERT INTO public.meta_code_details ("name",codes,"text",created_by,updated_by) VALUES
	 ('toothAcheOrGumSwelling',NULL,'Toothache / Gum swelling',0,0),
	 ('blurredVisionOrDifficultySeeing',NULL,'Blurred vision / Difficulty seeing',0,0),
	 ('breakingOfWater',NULL,'Breaking of water',0,0),
	 ('difficultyBreathingOrFastBreathingOrCoughOrChestPain',NULL,'Difficulty breathing / Fast breathing
 / Cough / Chest pain',0,0),
	 ('fatigueOrFeelingTiredOrFeelingIllOrWeak',NULL,'Fatigue / Feeling tired / Feeling ill / Weak',0,0),
	 ('feverOrHotnessOfBody',NULL,'Fever / Hotness of body',0,0),
	 ('headache',NULL,'Headache',0,0),
	 ('painfulOrBurningFeelingWhenPassingUrine',NULL,'Painful / Burning feeling when passing urine',0,0),
	 ('painInTheAbdomen',NULL,'Pain in the abdomen',0,0),
	 ('reducedOrAbsentBabyMovements',NULL,'Reduced / Absent baby movements',0,0);
INSERT INTO public.meta_code_details ("name",codes,"text",created_by,updated_by) VALUES
	 ('swellingOfTheLegsOrHandsOrFace',NULL,'Swelling of the legs / Hands / Face',0,0),
	 ('vaginalBleeding',NULL,'Vaginal bleeding',0,0),
	 ('vaginalDischargeOrItchiness',NULL,'Vaginal discharge / Itchiness',0,0),
	 ('tooMuchBleeding',NULL,'Too much bleeding',0,0),
	 ('feverAndChills',NULL,'Fever and chills',0,0),
	 ('convulsionsOrNotConscious',NULL,'Convulsions or not conscious',0,0),
	 ('breastSwollenOrHasPus',NULL,'Breast swollen or has pus',0,0),
	 ('leakingOfUrineOrStools',NULL,'Leaking of urine or stools',0,0),
	 ('pusInEyes',NULL,'Pus in eyes',0,0),
	 ('notBreastfeeding',NULL,'Not breastfeeding',0,0);
INSERT INTO public.meta_code_details ("name",codes,"text",created_by,updated_by) VALUES
	 ('cordStumpSwollenOrRed',NULL,'Cord stump swollen or red',0,0),
	 ('yellowSoles',NULL,'Yellow soles',0,0),
	 ('bodyFeelsHotOrCold',NULL,'Body feels hot or cold',0,0),
	 ('rigidOrConvulsing',NULL,'Rigid / Convulsing',0,0),
	 ('lethargicOrDrowsy',NULL,'Lethargic / Drowsy',0,0),
	 ('skinRashOrPustules',NULL,'Skin rash / Pustules',0,0),
	 ('drowsyOrDifficultToAwaken',NULL,'Drowsy or difficult to awaken',0,0),
	 ('unableOrRefusingToBreastfeed',NULL,'Unable or refusing to breastfeed',0,0),
	 ('malaria',NULL,'Malaria',0,0),
	 ('eye',NULL,'Eye',0,0);
INSERT INTO public.meta_code_details ("name",codes,"text",created_by,updated_by) VALUES
	 ('infectious',NULL,'Infectious',0,0),
	 ('internalMedicineAndNCDAndMentalHealth',NULL,'Internal medicine, NCD & Mental health',0,0),
	 ('neonatal',NULL,'Neonatal',0,0),
	 ('exclusiveBreastFeeding',NULL,'Exclusive breast feeding',0,0),
	 ('surgical',NULL,'Surgical',0,0),
	 ('isMotherHasFever',NULL,'Mother has fever?',0,0),
	 ('fastBreathingOrChestInDrawing',NULL,'Fast breathing or Chest in-drawing',0,0),
	 ('eyeInfection',NULL,'Eye infection',0,0),
	 ('severeMalnutrition',NULL,'Severe Malnutrition',0,0),
	 ('acuteFlaccidParalysis',NULL,'AFP (Acute Flaccid Paralysis)',0,0);
INSERT INTO public.meta_code_details ("name",codes,"text",created_by,updated_by) VALUES
	 ('cholera',NULL,'Cholera',0,0),
	 ('measles',NULL,'Measles',0,0),
	 ('rubella',NULL,'Rubella',0,0),
	 ('snakeBites',NULL,'Snake bites',0,0),
	 ('acquiredImmuneDeficiencySyndrome',NULL,'AIDS (Acquired Immune Deficiency Syndrome)',0,0),
	 ('ariTreatedInFacilityWithAntibiotic',NULL,'ARI treated in Facility with Antibiotic',0,0),
	 ('ariTreatedInFacilityWithoutAntibiotic',NULL,'ARI treated in Facility without Antibiotic',0,0),
	 ('chickenPox',NULL,'Chicken Pox',0,0),
	 ('pneumoniaTreatedInFacilityWithoutAntibiotic',NULL,'Pneumonia treated in Facility without Antibiotic',0,0),
	 ('pneumoniaTreatedInFacilityWithAntibiotic',NULL,'Pneumonia treated in Facility with Antibiotic',0,0);
INSERT INTO public.meta_code_details ("name",codes,"text",created_by,updated_by) VALUES
	 ('diarrhoeaAndWateryTreatedAtFacilityWithOrsAndZinc',NULL,'Diarrhoea, watery - treated at facility with ORS and Zinc',0,0),
	 ('diarrhoeaAndWateryTreatedAtFacilityWithOrsOnly',NULL,'Diarrhoea, watery - treated at facility with ORS only',0,0),
	 ('allTypesOfHepatitis',NULL,'Hepatitis (all types)',0,0),
	 ('leprosy',NULL,'Leprosy',0,0),
	 ('mumps',NULL,'Mumps',0,0),
	 ('sepsis',NULL,'Sepsis',0,0),
	 ('skinInfection',NULL,'Skin Infection',0,0),
	 ('tetanus',NULL,'Tetanus',0,0),
	 ('tuberculosis',NULL,'Tuberculosis (TB)',0,0),
	 ('urinaryTractInfection',NULL,'UTI (Urinary Tract Infection)',0,0);
INSERT INTO public.meta_code_details ("name",codes,"text",created_by,updated_by) VALUES
	 ('yaws',NULL,'Yaws',0,0),
	 ('onchocerciasis',NULL,'Onchocerciasis',0,0),
	 ('schistosomiasis',NULL,'Schistosomiasis',0,0),
	 ('trachoma',NULL,'Trachoma',0,0),
	 ('otherInfectiousConditions',NULL,'Other infectious conditions',0,0),
	 ('allTypesOfCancerAndCervicalCancerToBeSpecified',NULL,'Cancer (all types) Cervical Cancer to be specified',0,0),
	 ('epilepsy',NULL,'Epilepsy',0,0),
	 ('type1DiabetesOrType2Diabetes',NULL,'Diabetes (Type 1 or Type 2)',0,0),
	 ('hypertension',NULL,'Hypertension',0,0),
	 ('kidneyDisorders',NULL,'Kidney disorders',0,0);
INSERT INTO public.meta_code_details ("name",codes,"text",created_by,updated_by) VALUES
	 ('otherNcdConditions',NULL,'Other NCD conditions',0,0),
	 ('asphyxia',NULL,'Asphyxia',0,0),
	 ('hypothermia',NULL,'Hypothermia',0,0),
	 ('acuteAbdomen',NULL,'Acute Abdomen',0,0),
	 ('appendicitis',NULL,'Appendicitis',0,0),
	 ('hernia',NULL,'Hernia',0,0),
	 ('hydrocele',NULL,'Hydrocele',0,0),
	 ('lymphodema',NULL,'Lymphodema',0,0),
	 ('oralAndDentalConditions',NULL,'Oral and dental conditions',0,0),
	 ('pepticUlcerDisease',NULL,'PUD (Peptic Ulcer Disease)',0,0);
INSERT INTO public.meta_code_details ("name",codes,"text",created_by,updated_by) VALUES
	 ('rtaWoundsOrTrauma',NULL,'RTA Wounds/Trauma',0,0),
	 ('nonRtaWoundsOrTrauma',NULL,'Non RTA Wounds/Trauma',0,0),
	 ('jaundice',NULL,'Jaundice',0,0),
	 ('pneumonia',NULL,'Pneumonia',0,0),
	 ('anemia',NULL,'Anemia',0,0),
	 ('moderateMalnutrition',NULL,'Moderate Malnutrition',0,0),
	 ('earProblem',NULL,'Ear Problem',0,0),
	 ('preEclampsia',NULL,'Pre eclampsia',0,0),
	 ('eclampsia',NULL,'Eclampsia',0,0),
	 ('gestationalDiabetes',NULL,'Gestational diabetes',0,0);
INSERT INTO public.meta_code_details ("name",codes,"text",created_by,updated_by) VALUES
	 ('hiv',NULL,'HIV',0,0),
	 ('syphilis',NULL,'Syphilis',0,0),
	 ('diabetesMellitusType2',NULL,'Diabetes mellitus type 2',0,0),
	 ('diabetesMellitusType1',NULL,'Diabetes mellitus type 1',0,0),
	 ('preDiabetes',NULL,'Pre-Diabetes',0,0),
	 ('preHypertension',NULL,'Pre-Hypertension',0,0),
	 ('albuminuria',NULL,'Albuminuria',0,0),
	 ('none',NULL,'None',0,0),
	 ('eyeExam',NULL,'Eye exam',0,0),
	 ('oralExam',NULL,'Oral exam',0,0);
INSERT INTO public.meta_code_details ("name",codes,"text",created_by,updated_by) VALUES
	 ('cardiovascular',NULL,'Cardiovascular',0,0),
	 ('respiratorySystem',NULL,'Respiratory system',0,0),
	 ('abdominalPelvic',NULL,'Abdominal pelvic',0,0),
	 ('footExam',NULL,'Foot exam',0,0),
	 ('needleDisposablePiece',NULL,'Needle, Disposable, Piece',0,0),
	 ('syringeDisposablePiece',NULL,'Syringe, Disposable, Piece',0,0),
	 ('gloveExaminationDisposablePiece',NULL,'Glove, Examination, Disposable Piece',0,0),
	 ('costRecovery',NULL,'Cost recovery',0,0),
	 ('freeHealthCare',NULL,'Free health care',0,0),
	 ('ebolaVirusDiseaseSurvivor',NULL,'Ebola virus disease survivor',0,0);
INSERT INTO public.meta_code_details ("name",codes,"text",created_by,updated_by) VALUES
	 ('disability',NULL,'Disability',0,0),
	 ('cervicalCancer',NULL,'Cervical cancer',0,0),
	 ('blurringOfVision',NULL,'Blurring of vision',0,0),
	 ('cough',NULL,'Cough',0,0),
	 ('fainting',NULL,'Fainting',0,0),
	 ('focalWeakness',NULL,'Focal weakness',0,0),
	 ('footComplaints',NULL,'Foot complaints',0,0),
	 ('legSwelling',NULL,'Leg swelling',0,0),
	 ('lossOfConsciousness',NULL,'Loss of consciousness',0,0),
	 ('nausea',NULL,'Nausea',0,0);
INSERT INTO public.meta_code_details ("name",codes,"text",created_by,updated_by) VALUES
	 ('palpitationsHeartRacing',NULL,'Palpitations (heart racing)',0,0),
	 ('hivAids',NULL,'HIV/AIDS',0,0),
	 ('acuteViralHaemorragicFever',NULL,'Acute viral haemorragic fever ',0,0),
	 ('recurrentDizziness',NULL,'Recurrent dizziness',0,0),
	 ('shortnessOfBreathOnActivity',NULL,'Shortness of breath on activity',0,0),
	 ('swellingInHandsOrFeetOrFace',NULL,'Swelling in hands/feet/face',0,0),
	 ('pallor',NULL,'Pallor',0,0),
	 ('pittingEdema',NULL,'Pitting edema',0,0),
	 ('unusuallyThin',NULL,'Unusually thin',0,0),
	 ('unusuallyLargeAbdomen',NULL,'Unusually large abdomen',0,0);
INSERT INTO public.meta_code_details ("name",codes,"text",created_by,updated_by) VALUES
	 ('transverseOrObliqueLie',NULL,'Transverse/oblique lie',0,0),
	 ('fetalMovementsPresent',NULL,'Fetal movements present',0,0),
	 ('abdominalSwelling',NULL,'Abdominal swelling',0,0),
	 ('abnormalVaginalDischarge',NULL,'Abnormal vaginal discharge',0,0),
	 ('dizziness',NULL,'Dizziness',0,0),
	 ('general',NULL,'General',0,0),
	 ('mentalHealth',NULL,'Mental health',0,0),
	 ('vomiting',NULL,'Vomiting',0,0),
	 ('useOfITN',NULL,'Use of ITN',0,0),
	 ('keepingTheYoungInfantWarm',NULL,'Keeping the young infant warm',0,0);
INSERT INTO public.meta_code_details ("name",codes,"text",created_by,updated_by) VALUES
	 ('childImmunisation',NULL,'Child immunisation',0,0),
	 ('onWhenToReturn',NULL,'On when to return',0,0),
	 ('assistedVacuum',NULL,'Assisted (Vacuum)',0,0),
	 ('breachPresentation',NULL,'Breach presentation',0,0),
	 ('midwife',NULL,'Midwife',0,0),
	 ('phu',NULL,'PHU',0,0),
	 ('motherSurvivedDelivery',NULL,'Mother survived delivery',0,0),
	 ('good',NULL,'Good',0,0),
	 ('poor',NULL,'Poor',0,0),
	 ('veryPoor',NULL,'Very Poor',0,0);
INSERT INTO public.meta_code_details ("name",codes,"text",created_by,updated_by) VALUES
	 ('placentaAndMembranesComplete',NULL,'Placenta & membranes complete',0,0),
	 ('difficultExpulsiveOfPlacenta',NULL,'Difficult expulsive of placenta',0,0),
	 ('excessiveIph',NULL,'Excessive IPH (>=15mls)',0,0),
	 ('postPartumHemorrhage',NULL,'Post-partum hemorrhage (bleeding>=500mls)',0,0),
	 ('motherEatingNormally',NULL,'Mother eating normally',0,0),
	 ('educatedAboutFp',NULL,'Educated about FP',0,0),
	 ('liveBirth',NULL,'Live birth',0,0),
	 ('maceratedStillBirth',NULL,'Macerated still birth',0,0),
	 ('freshStillBirth',NULL,'Fresh still birth',0,0),
	 ('upToDate',NULL,'Up To Date',0,0);
INSERT INTO public.meta_code_details ("name",codes,"text",created_by,updated_by) VALUES
	 ('notUpToDate',NULL,'Not Up To Date',0,0),
	 ('upComing',NULL,'Upcoming',0,0),
	 ('green',NULL,'Green',0,0),
	 ('yellow',NULL,'Yellow',0,0),
	 ('red',NULL,'Red',0,0),
	 ('normal',NULL,'Normal',0,0),
	 ('doctor',NULL,'Doctor',0,0),
	 ('cho',NULL,'CHO',0,0),
	 ('mcha',NULL,'MCHA',0,0),
	 ('cha',NULL,'CHA',0,0);
INSERT INTO public.meta_code_details ("name",codes,"text",created_by,updated_by) VALUES
	 ('tba',NULL,'TBA',0,0),
	 ('weakToDrink',NULL,'Weak to drink',0,0),
	 ('eagerOrThirsty',NULL,'Eager / Thirsty',0,0),
	 ('skinPinchGoingBackSlowly',NULL,'Skin pinch going back slowly',0,0),
	 ('measlesInTheLastThreeMonths',NULL,'Measles in the last three months',0,0),
	 ('stiffNeckOrBulgingFontanelle',NULL,'Stiff neck / Bulging fontanelle',0,0),
	 ('generalizedRashOfMeasles',NULL,'Generalized rash of measles',0,0),
	 ('coughOrRunnyNoseOrRedEyes',NULL,'Cough / Runny nose / Red eyes',0,0),
	 ('mouthUlcerORPusDrainingEyesOrCornealClouding',NULL,'Mouth ulcer / Pus draining eyes / Corneal clouding',0,0),
	 ('pittingOedemaOfBothFeet',NULL,'Pitting oedema of both feet',0,0);
INSERT INTO public.meta_code_details ("name",codes,"text",created_by,updated_by) VALUES
	 ('pneumoniaOrFever',NULL,'Pneumonia / Fever',0,0),
	 ('wateryDiarrhoeaOrDysentery',NULL,'Watery diarrhoea / Dysentery',0,0),
	 ('palmarOrPallor',NULL,'Palmar / Pallor',0,0),
	 ('severePalmarOrPallor',NULL,'Severe palmar / Pallor',0,0),
	 ('delayedCrying',NULL,'Delayed crying',0,0),
	 ('difficultyBreathing',NULL,'Difficulty breathing',0,0),
	 ('breastFedWithin1Hour',NULL,'Breast-fed within 1 hour',0,0),
	 ('hivExposed',NULL,'HIV exposed',0,0),
	 ('stillAliveAfter24Hours',NULL,'Still alive after 24 hours',0,0),
	 ('ifHivExposedAndNevirapineSyrupAdministered',NULL,'If HIV exposed, nevirapine syrup administered',0,0);
INSERT INTO public.meta_code_details ("name",codes,"text",created_by,updated_by) VALUES
	 ('rescussitatedForDelayedAndOrDifficultBreathing',NULL,'Rescussitated (only shown if delayed and/or difficult breathing present)',0,0),
	 ('kangarooMotherCareInitiated',NULL,'Kangaroo mother care initiated',0,0),
	 ('PUT','[{"code": "AMENDER", "system": "http://terminology.hl7.org/CodeSystem/contractsignertypecodes"}]','Amender',0,0),
	 ('POST','[{"code": "TRANS", "system": "http://terminology.hl7.org/CodeSystem/contractsignertypecodes"}]','Trans',0,0),
	 ('hivInfection',NULL,'HIV Infection',0,0),
	 ('eyeConditionForAllTypesExceptEyeInfection',NULL,'Eye condition(all types, except for eye infection)',0,0),
	 ('dysentryForBloodyDiarrhoea',NULL,'Dysentry (Bloody Diarrhoea)',0,0),
	 ('meningitisOrEncephalitis',NULL,'Meningitis/Encephalitis',0,0),
	 ('buruliUlcer',NULL,'Buruli ulcer',0,0),
	 ('yellowFever',NULL,'Yellow fever',0,0);
INSERT INTO public.meta_code_details ("name",codes,"text",created_by,updated_by) VALUES
	 ('typhoidFever',NULL,'Typhoid fever',0,0),
	 ('animalBitesForDogsAndCats',NULL,'Animal bites (dogs and cats)',0,0),
	 ('pelvicInflammatoryDisease',NULL,'Pelvic inflammatory disease (PID)',0,0),
	 ('stiGenitalDischarge',NULL,'STI-Genital Discharge',0,0),
	 ('stiGenitalUlcer',NULL,'STI-Genital Ulcer',0,0),
	 ('wormInfestation',NULL,'Worm infestation',0,0),
	 ('adverseDrugReaction',NULL,'Adverse drug reaction',0,0),
	 ('anaemia',NULL,'Anemia',0,0),
	 ('allTypesOfCardiovascularDisease',NULL,'Cardiovascular diseases (All types)',0,0),
	 ('asthmaCOPDAndOtherChronicRespiratoryDiseases',NULL,'Chronic Respiratory diseases (asthma, COPD, others)',0,0);
INSERT INTO public.meta_code_details ("name",codes,"text",created_by,updated_by) VALUES
	 ('allTypesOfMentalDisorder',NULL,'Mental disorder (all types)',0,0),
	 ('congenitalAbnormality',NULL,'Congenital abnormality',0,0),
	 ('prematurity',NULL,'Prematurity ',0,0),
	 ('respiratoryDistressSyndrome',NULL,'Respiratory distress syndrome',0,0),
	 ('earNoseAndThroatDisorder',NULL,'Ear nose and throat (ENT) disorder',0,0),
	 ('fistulaAndOtherSurgicalConditions',NULL,'Other surgical conditions (Fistula can be captured here)',0,0),
	 ('sickleCellDisease',NULL,'Sickle cell disease',0,0),
	 ('chestIndrawing',NULL,'Chest indrawing',0,0),
	 ('coughOrDifficultBreathing',NULL,'Cough or Difficult Breathing',0,0),
	 ('genitalPainOrSwellingOrDischargeOrBleeding',NULL,'Genital pain / Swelling / Discharge / Bleeding',0,0);
INSERT INTO public.meta_code_details ("name",codes,"text",created_by,updated_by) VALUES
	 ('aRhdPositive',NULL,'A RhD Positive (A+)',0,0),
	 ('aRhdNegative',NULL,'A RhD Negative (A-)',0,0),
	 ('bRhdPositive',NULL,'B RhD Positive (B+)',0,0),
	 ('bRhdNegative',NULL,'B RhD Negative (B-)',0,0),
	 ('oRhdPositive',NULL,'O RhD Positive (O+)',0,0),
	 ('abRhdPositive',NULL,'AB RhD Positive (AB+)',0,0),
	 ('abRhdNegative',NULL,'AB RhD Negative (AB-)',0,0),
	 ('oRhdNegative',NULL,'O RhD Negative (O-)',0,0),
	 ('SECommunityHealthNurse',NULL,'SECHN (SE Community Health Nurse)',0,0),
	 ('cs',NULL,'Caeserian',0,0);
INSERT INTO public.meta_code_details ("name",codes,"text",created_by,updated_by) VALUES
	 ('cephalicPresentation',NULL,'Cephalic presentation',0,0),
	 ('motherAliveAfterDelivery',NULL,'Mother alive 24 hrs after delivery',0,0),
	 ('community',NULL,'Community',0,0),
	 ('hospital',NULL,'Hospital',0,0),
	 ('referredToDoctor',NULL,'Referred to Doctor',0,0),
	 ('completed',NULL,'Completed',0,0),
	 ('ear',NULL,'Ear',0,0),
	 ('skin',NULL,'Skin',0,0),
	 ('stateOfThePerineum',NULL,'State of the Perineum',0,0),
	 ('severeMalaria','[{"code": "1141602008", "system": "http://snomed.info/sct", "display": "Severe malaria"}]','Severe Malaria',0,0);
INSERT INTO public.meta_code_details ("name",codes,"text",created_by,updated_by) VALUES
	 ('jellyWater','[{"code": "227723004", "system": "http://snomed.info/sct", "display": "Jelly made with water"}]','Jelly water',0,0),
	 ('plannedVisitDate','[{"code": "185353001", "system": "http://snomed.info/sct", "display": "Appointment date"}]','Planned visit date',0,0),
	 ('actualVisitDate','[{"code": "406543005", "system": "http://snomed.info/sct", "display": "Date of visit"}]','Actual visit date',0,0),
	 ('pentaOpvGiven','[{"code": "72093006", "system": "http://snomed.info/sct", "display": "Poliomyelitis vaccination"}]','Poliomyelitis vaccination',0,0),
	 ('dangerSignInfant','[{"code": "439112006", "system": "http://snomed.info/sct", "display": "Discussion about child health"}]','Danger sign infant',0,0),
	 ('postReferralFollowupDone','[{"code": "439740005", "system": "http://snomed.info/sct", "display": "Postoperative follow-up visit"}]','Postoperative follow-up visit',0,0),
	 ('measles1Given','[{"code": "14189004", "system": "http://snomed.info/sct", "display": "Measles (disorder)"}]','Measles (disorder)',0,0),
	 ('measles2Given','[{"code": "14189004", "system": "http://snomed.info/sct", "display": "Measles (disorder)"}]','Measles (disorder)',0,0),
	 ('yellowFeverVacineGiven','[{"code": "871717007", "system": "http://snomed.info/sct", "display": "Yellow Fever Vaccine"}]','Yellow Fever Vaccine',0,0),
	 ('sss','[{"code": "243222002", "system": "http://snomed.info/sct", "display": "Sugar and salt Solution"}]','Sugar and salt Solution',0,0);
INSERT INTO public.meta_code_details ("name",codes,"text",created_by,updated_by) VALUES
	 ('uncomplicatedMalaria','[{"code": "772168000", "system": "http://snomed.info/sct", "display": "Malaria suspected"}]','Uncomplicated Malaria',0,0);

-- obstetric_examination
INSERT INTO public.obstetric_examination (id, name, display_order, type, value, created_by, updated_by) VALUES
(1, 'General', 1, 'PNC_CHILD_REVIEW', 'general', 1, 1),
(2, 'Cardiovascular', 4, 'PNC_CHILD_REVIEW', 'cardiovascular', 1, 1),
(3, 'Eye exam', 2, 'PNC_CHILD_REVIEW', 'eyeExam', 1, 1),
(4, 'Oral exam', 3, 'PNC_CHILD_REVIEW', 'oralExam', 1, 1),
(5, 'Respiratory system', 5, 'PNC_CHILD_REVIEW', 'respiratorySystem', 1, 1),
(6, 'Abdominal pelvic', 6, 'PNC_CHILD_REVIEW', 'abdominalPelvic', 1, 1),
(7, 'Foot exam', 7, 'PNC_CHILD_REVIEW', 'footExam', 1, 1),
(8, 'Neurological exam', 8, 'PNC_CHILD_REVIEW', 'neurologicalExam', 1, 1),
(9, 'Mental health', 9, 'PNC_CHILD_REVIEW', 'mentalHealth', 1, 1),
(10, 'Oral exam', 2, 'ANC_REVIEW', 'oralExam', 1, 1),
(11, 'Cardiovascular', 3, 'ANC_REVIEW', 'cardiovascular', 1, 1),
(12, 'Respiratory system', 4, 'ANC_REVIEW', 'respiratorySystem', 1, 1),
(13, 'Foot exam', 5, 'ANC_REVIEW', 'footExam', 1, 1),
(14, 'Pallor', 7, 'ANC_REVIEW', 'pallor', 1, 1),
(15, 'Pitting edema', 8, 'ANC_REVIEW', 'pittingEdema', 1, 1),
(16, 'Unusually thin', 9, 'ANC_REVIEW', 'unusuallyThin', 1, 1),
(17, 'Unusually large abdomen', 10, 'ANC_REVIEW', 'unusuallyLargeAbdomen', 1, 1),
(18, 'Fetal movements present', 13, 'ANC_REVIEW', 'fetalMovementsPresent', 1, 1),
(19, 'Other', 14, 'ANC_REVIEW', 'other', 1, 1),
(20, 'Eye exam', 1, 'ANC_REVIEW', 'eyeExam', 1, 1),
(21, 'Neurological exam', 6, 'ANC_REVIEW', 'neurologicalExam', 1, 1),
(22, 'Transverse/oblique lie', 11, 'ANC_REVIEW', 'transverseOrObliqueLie', 1, 1),
(23, 'Breach presentation', 12, 'ANC_REVIEW', 'breachPresentation', 1, 1);

-- presenting_complaints
INSERT INTO public.presenting_complaints (id, name, display_order, age_condition, value, type, created_by, updated_by) VALUES
(1, 'Injury / Cut / Bruise', 7, NULL, 'injuryOrCutOrBruise', 'ABOVE_FIVE_YEARS', 1, 1),
(2, 'Joint / Back ache', 6, NULL, 'jointOrBackAche', 'ABOVE_FIVE_YEARS', 1, 1),
(3, 'Skin rash / Itchiness', 9, NULL, 'skinRashOrItchiness', 'ABOVE_FIVE_YEARS', 1, 1),
(4, 'Toothache / Gum swelling', 13, NULL, 'toothAcheOrGumSwelling', 'ABOVE_FIVE_YEARS', 1, 1),
(5, 'Eye pain / Discharge / Itchiness / Difficulty seeing', 8, NULL, 'eyePainOrDischargeOrItchinessOrDifficultySeeing', 'ABOVE_FIVE_YEARS', 1, 1),
(6, 'Difficulty in breathing', 3, NULL, 'difficultyInBreathing', 'ABOVE_FIVE_YEARS', 1, 1),
(7, 'Abdominal pain', 2, NULL, 'abdominalPain', 'ABOVE_FIVE_YEARS', 1, 1),
(8, 'Headache', 1, NULL, 'headache', 'ABOVE_FIVE_YEARS', 1, 1),
(9, 'Chest pain', 4, NULL, 'chestPain', 'ABOVE_FIVE_YEARS', 1, 1),
(10, 'Body swelling', 5, NULL, 'bodySwelling', 'ABOVE_FIVE_YEARS', 1, 1),
(11, 'Burns', 10, NULL, 'burns', 'ABOVE_FIVE_YEARS', 1, 1),
(12, 'Other', 15, NULL, 'other', 'ABOVE_FIVE_YEARS', 1, 1),
(13, 'Pain on passing urine', 12, NULL, 'painOnPassingUrine', 'ABOVE_FIVE_YEARS', 1, 1),
(14, 'Other', 6, NULL, 'other', 'PNC_CHILD_REVIEW', 1, 1),
(15, 'Fever', 1, NULL, 'fever', 'PNC_CHILD_REVIEW', 1, 1),
(16, 'Diarrhoea', 2, NULL, 'diarrhoea', 'PNC_CHILD_REVIEW', 1, 1),
(17, 'Convulsions', 3, NULL, 'convulsions', 'PNC_CHILD_REVIEW', 1, 1),
(18, 'Vomiting', 4, NULL, 'vomiting', 'PNC_CHILD_REVIEW', 1, 1),
(19, 'Jaundice', 5, NULL, 'jaundice', 'PNC_CHILD_REVIEW', 1, 1),
(20, 'Focal weakness', 1, NULL, 'focalWeakness', 'ANC_REVIEW', 1, 1),
(21, 'Shortness of breath on activity', 2, NULL, 'shortnessOfBreathOnActivity', 'ANC_REVIEW', 1, 1),
(22, 'Difficulty in breathing', 3, NULL, 'difficultyInBreathing', 'ANC_REVIEW', 1, 1),
(23, 'Cough', 4, NULL, 'cough', 'ANC_REVIEW', 1, 1),
(24, 'Loss of consciousness', 5, NULL, 'lossOfConsciousness', 'ANC_REVIEW', 1, 1),
(25, 'Foot complaints', 6, NULL, 'footComplaints', 'ANC_REVIEW', 1, 1),
(26, 'Palpitations (heart racing)', 7, NULL, 'palpitationsHeartRacing', 'ANC_REVIEW', 1, 1),
(27, 'Recurrent dizziness', 8, NULL, 'recurrentDizziness', 'ANC_REVIEW', 1, 1),
(28, 'Fainting', 9, NULL, 'fainting', 'ANC_REVIEW', 1, 1),
(29, 'Blurring of vision', 10, NULL, 'blurringOfVision', 'ANC_REVIEW', 1, 1),
(30, 'Leg swelling', 11, NULL, 'legSwelling', 'ANC_REVIEW', 1, 1),
(31, 'Nausea', 13, NULL, 'nausea', 'ANC_REVIEW', 1, 1),
(32, 'Abdominal pain', 14, NULL, 'abdominalPain', 'ANC_REVIEW', 1, 1),
(33, 'Vaginal bleeding', 15, NULL, 'vaginalBleeding', 'ANC_REVIEW', 1, 1),
(34, 'Other', 16, NULL, 'other', 'ANC_REVIEW', 1, 1),
(35, 'Difficulty in breathing', 2, NULL, 'difficultyInBreathing', 'PNC_MOTHER_REVIEW', 1, 1),
(36, 'Cough', 1, NULL, 'cough', 'PNC_MOTHER_REVIEW', 1, 1),
(37, 'Loss of consciousness', 11, NULL, 'lossOfConsciousness', 'PNC_MOTHER_REVIEW', 1, 1),
(38, 'Palpitations (heart racing)', 12, NULL, 'palpitationsHeartRacing', 'PNC_MOTHER_REVIEW', 1, 1),
(39, 'Nausea', 8, NULL, 'nausea', 'PNC_MOTHER_REVIEW', 1, 1),
(40, 'Abdominal pain', 5, NULL, 'abdominalPain', 'PNC_MOTHER_REVIEW', 1, 1),
(41, 'Vaginal bleeding', 7, NULL, 'vaginalBleeding', 'PNC_MOTHER_REVIEW', 1, 1),
(42, 'Other', 13, NULL, 'other', 'PNC_MOTHER_REVIEW', 1, 1),
(43, 'Fever', 3, NULL, 'fever', 'PNC_MOTHER_REVIEW', 1, 1),
(44, 'Dizziness', 10, NULL, 'dizziness', 'PNC_MOTHER_REVIEW', 1, 1),
(45, 'Abdominal swelling', 4, NULL, 'abdominalSwelling', 'PNC_MOTHER_REVIEW', 1, 1),
(46, 'Swelling in hands/feet/face', 9, NULL, 'swellingInHandsOrFeetOrFace', 'PNC_MOTHER_REVIEW', 1, 1),
(47, 'Swelling in hands/feet/face', 12, NULL, 'swellingInHandsOrFeetOrFace', 'ANC_REVIEW', 1, 1),
(48, 'Abnormal vaginal discharge', 6, NULL, 'abnormalVaginalDischarge', 'PNC_MOTHER_REVIEW', 1, 1),
(49, 'Genital pain / Swelling / Discharge / Bleeding', 11, NULL, 'genitalPainOrSwellingOrDischargeOrBleeding', 'ABOVE_FIVE_YEARS', 1, 1);

-- systemic_examinations
INSERT INTO public.systemic_examinations (name,display_order,age_condition,value,"type",display_values,created_by,updated_by,is_active,is_deleted) VALUES
	 ('Eye exam',1,NULL,'eyeExam','ABOVE_FIVE_YEARS',NULL,1,1,true,false),
	 ('Oral exam',2,NULL,'oralExam','ABOVE_FIVE_YEARS',NULL,1,1,true,false),
	 ('Cardiovascular',3,NULL,'cardiovascular','ABOVE_FIVE_YEARS',NULL,1,1,true,false),
	 ('Respiratory system',4,NULL,'respiratorySystem','ABOVE_FIVE_YEARS',NULL,1,1,true,false),
	 ('Abdominal pelvic',5,NULL,'abdominalPelvic','ABOVE_FIVE_YEARS',NULL,1,1,true,false),
	 ('Foot exam',6,NULL,'footExam','ABOVE_FIVE_YEARS',NULL,1,1,true,false),
	 ('Neurological exam',7,NULL,'neurologicalExam','ABOVE_FIVE_YEARS',NULL,1,1,true,false),
	 ('Eye exam',1,NULL,'eyeExam','UNDER_FIVE_YEARS',NULL,1,1,true,false),
	 ('Oral exam',2,NULL,'oralExam','UNDER_FIVE_YEARS',NULL,1,1,true,false),
	 ('Cardiovascular',3,NULL,'cardiovascular','UNDER_FIVE_YEARS',NULL,1,1,true,false);
INSERT INTO public.systemic_examinations (name,display_order,age_condition,value,"type",display_values,created_by,updated_by,is_active,is_deleted) VALUES
	 ('Respiratory system',4,NULL,'respiratorySystem','UNDER_FIVE_YEARS',NULL,1,1,true,false),
	 ('Abdominal pelvic',5,NULL,'abdominalPelvic','UNDER_FIVE_YEARS',NULL,1,1,true,false),
	 ('Foot exam',6,NULL,'footExam','UNDER_FIVE_YEARS',NULL,1,1,true,false),
	 ('Neurological exam',7,NULL,'neurologicalExam','UNDER_FIVE_YEARS',NULL,1,1,true,false),
	 ('General',1,NULL,'general','PNC_MOTHER_REVIEW',NULL,1,1,true,false),
	 ('Eye exam',2,NULL,'eyeExam','PNC_MOTHER_REVIEW',NULL,1,1,true,false),
	 ('Oral exam',3,NULL,'oralExam','PNC_MOTHER_REVIEW',NULL,1,1,true,false),
	 ('Cardiovascular',4,NULL,'cardiovascular','PNC_MOTHER_REVIEW',NULL,1,1,true,false),
	 ('Respiratory system',5,NULL,'respiratorySystem','PNC_MOTHER_REVIEW',NULL,1,1,true,false),
	 ('Abdominal pelvic',6,NULL,'abdominalPelvic','PNC_MOTHER_REVIEW',NULL,1,1,true,false);
INSERT INTO public.systemic_examinations (name,display_order,age_condition,value,"type",display_values,created_by,updated_by,is_active,is_deleted) VALUES
	 ('Foot exam',7,NULL,'footExam','PNC_MOTHER_REVIEW',NULL,1,1,true,false),
	 ('Neurological exam',8,NULL,'neurologicalExam','PNC_MOTHER_REVIEW',NULL,1,1,true,false),
	 ('Mental health',9,NULL,'mentalHealth','PNC_MOTHER_REVIEW',NULL,1,1,true,false),
	 ('Pallor',10,NULL,'pallor','PNC_MOTHER_REVIEW',NULL,1,1,true,false),
	 ('General',1,NULL,'general','PNC_CHILD_REVIEW',NULL,1,1,true,false),
	 ('Eye exam',2,NULL,'eyeExam','PNC_CHILD_REVIEW',NULL,1,1,true,false),
	 ('Oral exam',3,NULL,'oralExam','PNC_CHILD_REVIEW',NULL,1,1,true,false),
	 ('Cardiovascular',4,NULL,'cardiovascular','PNC_CHILD_REVIEW',NULL,1,1,true,false),
	 ('Respiratory system',5,NULL,'respiratorySystem','PNC_CHILD_REVIEW',NULL,1,1,true,false),
	 ('Abdominal pelvic',6,NULL,'abdominalPelvic','PNC_CHILD_REVIEW',NULL,1,1,true,false);
INSERT INTO public.systemic_examinations (name,display_order,age_condition,value,"type",display_values,created_by,updated_by,is_active,is_deleted) VALUES
	 ('Foot exam',7,NULL,'footExam','PNC_CHILD_REVIEW',NULL,1,1,true,false),
	 ('Neurological exam',8,NULL,'neurologicalExam','PNC_CHILD_REVIEW',NULL,1,1,true,false),
	 ('Mental health',9,NULL,'mentalHealth','PNC_CHILD_REVIEW',NULL,1,1,true,false),
	 ('Ear',8,NULL,'ear','ABOVE_FIVE_YEARS',NULL,1,1,true,false),
	 ('Skin',9,NULL,'skin','ABOVE_FIVE_YEARS',NULL,1,1,true,false),
	 ('Ear',8,NULL,'ear','UNDER_FIVE_YEARS',NULL,1,1,true,false),
	 ('Skin',9,NULL,'skin','UNDER_FIVE_YEARS',NULL,1,1,true,false),
	 ('Ear',10,NULL,'ear','PNC_CHILD_REVIEW',NULL,1,1,true,false),
	 ('Skin',11,NULL,'skin','PNC_CHILD_REVIEW',NULL,1,1,true,false),
	 ('Ear',11,NULL,'ear','PNC_MOTHER_REVIEW',NULL,1,1,true,false);
INSERT INTO public.systemic_examinations (name,display_order,age_condition,value,"type",display_values,created_by,updated_by,is_active,is_deleted) VALUES
	 ('Skin',12,NULL,'skin','PNC_MOTHER_REVIEW',NULL,1,1,true,false);

-- sms_template
INSERT INTO public.sms_template (body,"type",created_by,updated_by) VALUES
	 ('Hi {{name}},
Please click the {{url}} to set a new password within 60 minutes. If not done by you, just notify us
at support@medtroniclabs.org.','FORGOT_PASSWORD',0,0);

-- symptom
INSERT INTO public.symptom (name,"type",disease_type,value,categories,category,display_order,display_values,app_types,created_by,updated_by,is_active,is_deleted) VALUES
	 ('Other','diarrhoeaSigns',NULL,'other',NULL,NULL,13,NULL,'{COMMUNITY}',0,0,true,false),
	 ('No symptoms','diarrhoeaSigns',NULL,'noSymptoms',NULL,NULL,12,NULL,'{COMMUNITY}',0,0,true,false),
	 ('Body swelling','otherSymptoms',NULL,'bodySwelling',NULL,NULL,4,NULL,'{COMMUNITY}',0,0,true,false),
	 ('Chest pain','otherSymptoms',NULL,'chestPain',NULL,NULL,3,NULL,'{COMMUNITY}',0,0,true,false),
	 ('Difficulty in breathing','otherSymptoms',NULL,'difficultyInBreathing',NULL,NULL,2,NULL,'{COMMUNITY}',0,0,true,false),
	 ('Burns','otherSymptoms',NULL,'burns',NULL,NULL,9,NULL,'{COMMUNITY}',0,0,true,false),
	 ('Pain on passing urine','otherSymptoms',NULL,'painOnPassingUrine',NULL,NULL,12,NULL,'{COMMUNITY}',0,0,true,false),
	 ('Other','otherSymptoms',NULL,'other',NULL,NULL,15,NULL,'{COMMUNITY}',0,0,true,false),
	 ('Body swelling','general symptoms',NULL,'bodySwelling',NULL,NULL,1,NULL,'{COMMUNITY}',0,0,true,false),
	 ('Chest pain','general symptoms',NULL,'chestPain',NULL,NULL,2,NULL,'{COMMUNITY}',0,0,true,false);
INSERT INTO public.symptom (name,"type",disease_type,value,categories,category,display_order,display_values,app_types,created_by,updated_by,is_active,is_deleted) VALUES
	 ('Severe headache','ncd',NULL,'severeHeadache',NULL,NULL,1,NULL,'{COMMUNITY}',0,0,true,false),
	 ('Bleeding','ncd',NULL,'bleeding',NULL,NULL,2,NULL,'{COMMUNITY}',0,0,true,false),
	 ('Other','general symptoms',NULL,'other',NULL,NULL,4,NULL,'{COMMUNITY}',0,0,true,false),
	 ('Other','ncd',NULL,'other',NULL,NULL,4,NULL,'{COMMUNITY}',0,0,true,false),
	 ('No symptoms','general symptoms',NULL,'noSymptoms',NULL,NULL,3,NULL,'{COMMUNITY}',0,0,true,false),
	 ('No symptoms','ncd',NULL,'noSymptoms',NULL,NULL,3,NULL,'{COMMUNITY}',0,0,true,false),
	 ('Sunken eyes','diarrhoeaSigns',NULL,'sunkenEyes',NULL,NULL,1,NULL,'{COMMUNITY}',0,0,true,false),
	 ('Convulsions','ancSigns',NULL,'convulsions',NULL,NULL,2,NULL,'{COMMUNITY}',0,0,true,false),
	 ('Headache','pncMotherSigns',NULL,'headache',NULL,NULL,3,NULL,'{COMMUNITY}',0,0,true,false),
	 ('No tears when crying','diarrhoeaSigns',NULL,'noTearsWhenCrying',NULL,NULL,2,NULL,'{COMMUNITY}',0,0,true,false);
INSERT INTO public.symptom (name,"type",disease_type,value,categories,category,display_order,display_values,app_types,created_by,updated_by,is_active,is_deleted) VALUES
	 ('Unable to or drinking poorly','diarrhoeaSigns',NULL,'unableToOrDrinkingPoorly',NULL,NULL,5,NULL,'{COMMUNITY}',0,0,true,false),
	 ('Little or no urine','diarrhoeaSigns',NULL,'littleOrNoUrine',NULL,NULL,3,NULL,'{COMMUNITY}',0,0,true,false),
	 ('Very thirsty','diarrhoeaSigns',NULL,'veryThirsty',NULL,NULL,7,NULL,'{COMMUNITY}',0,0,true,false),
	 ('Unusually sleepy or unconscious','diarrhoeaSigns',NULL,'unusuallySleepyOrUnconscious',NULL,NULL,4,NULL,'{COMMUNITY}',0,0,true,false),
	 ('Skin pinch going back very slowly','diarrhoeaSigns',NULL,'skinPinchGoingBackVerySlowly',NULL,NULL,6,NULL,'{COMMUNITY}',0,0,true,false),
	 ('Abdominal pain','otherSymptoms',NULL,'abdominalPain',NULL,NULL,1,NULL,'{COMMUNITY}',0,0,true,false),
	 ('Vaginal bleeding','ancSigns',NULL,'vaginalBleeding',NULL,NULL,1,NULL,'{COMMUNITY}',0,0,true,false),
	 ('Headache','ancSigns',NULL,'headache',NULL,NULL,3,NULL,'{COMMUNITY}',0,0,true,false),
	 ('No symptoms','otherSymptoms',NULL,'noSymptoms',NULL,NULL,14,NULL,'{COMMUNITY}',0,0,true,false),
	 ('Cord stump swollen or red','pncNeonateSigns',NULL,'cordStumpSwollenOrRed',NULL,NULL,7,NULL,'{COMMUNITY}',0,0,true,false);
INSERT INTO public.symptom (name,"type",disease_type,value,categories,category,display_order,display_values,app_types,created_by,updated_by,is_active,is_deleted) VALUES
	 ('Yellow soles','pncNeonateSigns',NULL,'yellowSoles',NULL,NULL,8,NULL,'{COMMUNITY}',0,0,true,false),
	 ('Body feels hot or cold','pncNeonateSigns',NULL,'bodyFeelsHotOrCold',NULL,NULL,9,NULL,'{COMMUNITY}',0,0,true,false),
	 ('No symptoms','pncNeonateSigns',NULL,'noSymptoms',NULL,NULL,10,NULL,'{COMMUNITY}',0,0,true,false),
	 ('Breaking of water','ancSigns',NULL,'breakingOfWater',NULL,NULL,8,NULL,'{COMMUNITY}',0,0,true,false),
	 ('Pain in the abdomen','ancSigns',NULL,'painInTheAbdomen',NULL,NULL,9,NULL,'{COMMUNITY}',0,0,true,false),
	 ('Other','ancSigns',NULL,'other',NULL,NULL,15,NULL,'{COMMUNITY}',0,0,true,false),
	 ('No symptoms','ancSigns',NULL,'noSymptoms',NULL,NULL,14,NULL,'{COMMUNITY}',0,0,true,false),
	 ('Convulsions','childhoodVisitSigns',NULL,'convulsions',NULL,NULL,1,NULL,'{COMMUNITY}',0,0,true,false),
	 ('Drowsy or difficult to awaken','childhoodVisitSigns',NULL,'drowsyOrDifficultToAwaken',NULL,NULL,2,NULL,'{COMMUNITY}',0,0,true,false),
	 ('Vomiting everything','childhoodVisitSigns',NULL,'vomitingEverything',NULL,NULL,4,NULL,'{COMMUNITY}',0,0,true,false);
INSERT INTO public.symptom (name,"type",disease_type,value,categories,category,display_order,display_values,app_types,created_by,updated_by,is_active,is_deleted) VALUES
	 ('No symptoms','childhoodVisitSigns',NULL,'noSymptoms',NULL,NULL,5,NULL,'{COMMUNITY}',0,0,true,false),
	 ('Other','childhoodVisitSigns',NULL,'other',NULL,NULL,6,NULL,'{COMMUNITY}',0,0,true,false),
	 ('Too much bleeding','pncMotherSigns',NULL,'tooMuchBleeding',NULL,NULL,1,NULL,'{COMMUNITY}',0,0,true,false),
	 ('Fever and chills','pncMotherSigns',NULL,'feverAndChills',NULL,NULL,2,NULL,'{COMMUNITY}',0,0,true,false),
	 ('Convulsions or not conscious','pncMotherSigns',NULL,'convulsionsOrNotConscious',NULL,NULL,4,NULL,'{COMMUNITY}',0,0,true,false),
	 ('Breast swollen or has pus','pncMotherSigns',NULL,'breastSwollenOrHasPus',NULL,NULL,5,NULL,'{COMMUNITY}',0,0,true,false),
	 ('Leaking of urine or stools','pncMotherSigns',NULL,'leakingOfUrineOrStools',NULL,NULL,6,NULL,'{COMMUNITY}',0,0,true,false),
	 ('Other','pncMotherSigns',NULL,'other',NULL,NULL,8,NULL,'{COMMUNITY}',0,0,true,false),
	 ('Blurred vision / Difficulty seeing','ancSigns',NULL,'blurredVisionOrDifficultySeeing',NULL,NULL,4,NULL,'{COMMUNITY}',0,0,true,false),
	 ('Drinks eagerly, thirsty','diarrhoeaSigns',NULL,'drinksEagerlyAndThirsty',NULL,NULL,9,NULL,'{COMMUNITY}',0,0,true,false);
INSERT INTO public.symptom (name,"type",disease_type,value,categories,category,display_order,display_values,app_types,created_by,updated_by,is_active,is_deleted) VALUES
	 ('Dry mouth / Tongue','diarrhoeaSigns',NULL,'dryMouthOrTongue',NULL,NULL,11,NULL,'{COMMUNITY}',0,0,true,false),
	 ('Ear pain / Itchiness / Discharge / Difficulty hearing','otherSymptoms',NULL,'earPainOrItchinessOrDischargeOrDifficultyHearing',NULL,NULL,7,NULL,'{COMMUNITY}',0,0,true,false),
	 ('Eye pain / Discharge / Itchiness / Difficulty seeing','otherSymptoms',NULL,'eyePainOrDischargeOrItchinessOrDifficultySeeing',NULL,NULL,6,NULL,'{COMMUNITY}',0,0,true,false),
	 ('Sunken fontanelle (<18 months)','diarrhoeaSigns',NULL,'sunkenFontanelleLessThan18Months',NULL,NULL,10,NULL,'{COMMUNITY}',0,0,true,false),
	 ('Reduced / Absent baby movements','ancSigns',NULL,'reducedOrAbsentBabyMovements',NULL,NULL,5,NULL,'{COMMUNITY}',0,0,true,false),
	 ('Pus in eyes','pncNeonateSigns',NULL,'pusInEyes',NULL,NULL,2,NULL,'{COMMUNITY}',0,0,true,false),
	 ('Joint / Back ache','otherSymptoms',NULL,'jointOrBackAche',NULL,NULL,5,NULL,'{COMMUNITY}',0,0,true,false),
	 ('Not breastfeeding','pncNeonateSigns',NULL,'notBreastfeeding',NULL,NULL,4,NULL,'{COMMUNITY}',0,0,true,false),
	 ('No symptoms','pncMotherSigns',NULL,'noSymptoms',NULL,NULL,7,NULL,'{COMMUNITY}',0,0,true,false),
	 ('Other','pncNeonateSigns',NULL,'other',NULL,NULL,11,NULL,'{COMMUNITY}',0,0,true,false);
INSERT INTO public.symptom (name,"type",disease_type,value,categories,category,display_order,display_values,app_types,created_by,updated_by,is_active,is_deleted) VALUES
	 ('Unable or refusing to breastfeed','childhoodVisitSigns',NULL,'unableOrRefusingToBreastfeed',NULL,NULL,3,NULL,'{COMMUNITY}',0,0,true,false),
	 ('Measles in the last three months','feverSigns',NULL,'measlesInTheLastThreeMonths',NULL,'UNDER_FIVE_YEARS',1,NULL,'{COMMUNITY}',0,0,true,false),
	 ('Generalized rash of measles','feverSigns',NULL,'generalizedRashOfMeasles',NULL,'UNDER_FIVE_YEARS',3,NULL,'{COMMUNITY}',0,0,true,false),
	 ('Skin pinch going back slowly','diarrhoeaSigns',NULL,'skinPinchGoingBackSlowly',NULL,'UNDER_FIVE_YEARS',6,NULL,'{COMMUNITY}',0,0,true,false),
	 ('Lethargic or unconscious','diarrhoeaSigns',NULL,'lethargicOrUnconscious',NULL,'UNDER_FIVE_YEARS',1,NULL,'{COMMUNITY}',0,0,true,false),
	 ('Weak to drink','diarrhoeaSigns',NULL,'weakToDrink',NULL,'UNDER_FIVE_YEARS',4,NULL,'{COMMUNITY}',0,0,true,false),
	 ('Pitting oedema of both feet','malnutritionSigns',NULL,'pittingOedemaOfBothFeet',NULL,'UNDER_FIVE_YEARS',1,NULL,'{COMMUNITY}',0,0,true,false),
	 ('Injury / Cut / Bruise','otherSymptoms',NULL,'injuryOrCutOrBruise',NULL,NULL,8,NULL,'{COMMUNITY}',0,0,true,false),
	 ('Skin rash / Itchiness','otherSymptoms',NULL,'skinRashOrItchiness',NULL,NULL,10,NULL,'{COMMUNITY}',0,0,true,false),
	 ('Restless / Irritable','diarrhoeaSigns',NULL,'restlessAndIrritable',NULL,'UNDER_FIVE_YEARS',2,NULL,'{COMMUNITY}',0,0,true,false);
INSERT INTO public.symptom (name,"type",disease_type,value,categories,category,display_order,display_values,app_types,created_by,updated_by,is_active,is_deleted) VALUES
	 ('Palmar / Pallor','malnutritionSigns',NULL,'palmarOrPallor',NULL,'UNDER_FIVE_YEARS',4,NULL,'{COMMUNITY}',0,0,true,false),
	 ('Anemia','Mother',NULL,'anemia',NULL,'MOTHER_DELIVERY_REVIEW',2,NULL,'{COMMUNITY}',0,0,true,false),
	 ('Eclampsia','Mother',NULL,'eclampsia',NULL,'MOTHER_DELIVERY_REVIEW',3,NULL,'{COMMUNITY}',0,0,true,false),
	 ('Other','Mother',NULL,'other',NULL,'MOTHER_DELIVERY_REVIEW',4,NULL,'{COMMUNITY}',0,0,true,false),
	 ('Delayed crying','Neonate',NULL,'delayedCrying',NULL,'MOTHER_DELIVERY_REVIEW',1,NULL,'{COMMUNITY}',0,0,true,false),
	 ('Breast-fed within 1 hour','Neonate',NULL,'breastFedWithin1Hour',NULL,'MOTHER_DELIVERY_REVIEW',3,NULL,'{COMMUNITY}',0,0,true,false),
	 ('Fast breathing or Chest in-drawing','pncNeonateSigns','BREATHING','fastBreathingOrChestInDrawing',NULL,NULL,5,NULL,'{COMMUNITY}',0,0,true,false),
	 ('Still alive after 24 hours','Neonate',NULL,'stillAliveAfter24Hours',NULL,'MOTHER_DELIVERY_REVIEW',5,NULL,'{COMMUNITY}',0,0,true,false),
	 ('Kangaroo mother care initiated','Neonate',NULL,'kangarooMotherCareInitiated',NULL,'MOTHER_DELIVERY_REVIEW',8,NULL,'{COMMUNITY}',0,0,true,false),
	 ('HIV exposed','Neonate',NULL,'hivExposed',NULL,'MOTHER_DELIVERY_REVIEW',4,NULL,'{COMMUNITY}',0,0,true,false);
INSERT INTO public.symptom (name,"type",disease_type,value,categories,category,display_order,display_values,app_types,created_by,updated_by,is_active,is_deleted) VALUES
	 ('Difficulty breathing','Neonate','BREATHING','difficultyBreathing',NULL,'MOTHER_DELIVERY_REVIEW',2,NULL,'{COMMUNITY}',0,0,true,false),
	 ('Cough / Runny nose / Red eyes','feverSigns',NULL,'coughOrRunnyNoseOrRedEyes',NULL,'UNDER_FIVE_YEARS',4,NULL,'{COMMUNITY}',0,0,true,false),
	 ('Difficulty breathing / Fast breathing
 / Cough / Chest pain','ancSigns',NULL,'difficultyBreathingOrFastBreathingOrCoughOrChestPain',NULL,NULL,7,NULL,'{COMMUNITY}',0,0,true,false),
	 ('Eager / Thirsty','diarrhoeaSigns',NULL,'eagerOrThirsty',NULL,'UNDER_FIVE_YEARS',5,NULL,'{COMMUNITY}',0,0,true,false),
	 ('Fatigue / Feeling tired / Feeling ill / Weak','ancSigns',NULL,'fatigueOrFeelingTiredOrFeelingIllOrWeak',NULL,NULL,6,NULL,'{COMMUNITY}',0,0,true,false),
	 ('Fever / Hotness of body','ancSigns',NULL,'feverOrHotnessOfBody',NULL,NULL,10,NULL,'{COMMUNITY}',0,0,true,false),
	 ('If HIV exposed, nevirapine syrup administered','Neonate',NULL,'ifHivExposedAndNevirapineSyrupAdministered',NULL,'MOTHER_DELIVERY_REVIEW',6,NULL,'{COMMUNITY}',0,0,true,false),
	 ('Mouth ulcer / Pus draining eyes / Corneal clouding','feverSigns',NULL,'mouthUlcerORPusDrainingEyesOrCornealClouding',NULL,'UNDER_FIVE_YEARS',5,NULL,'{COMMUNITY}',0,0,true,false),
	 ('Painful / Burning feeling when passing urine','ancSigns',NULL,'painfulOrBurningFeelingWhenPassingUrine',NULL,NULL,11,NULL,'{COMMUNITY}',0,0,true,false),
	 ('Pneumonia / Fever','malnutritionSigns',NULL,'pneumoniaOrFever',NULL,'UNDER_FIVE_YEARS',2,NULL,'{COMMUNITY}',0,0,true,false);
INSERT INTO public.symptom (name,"type",disease_type,value,categories,category,display_order,display_values,app_types,created_by,updated_by,is_active,is_deleted) VALUES
	 ('Rescussitated (only shown if delayed and/or difficult breathing present)','Neonate','BREATHING','rescussitatedForDelayedAndOrDifficultBreathing',NULL,'MOTHER_DELIVERY_REVIEW',7,NULL,'{COMMUNITY}',0,0,true,false),
	 ('Severe palmar / Pallor','malnutritionSigns',NULL,'severePalmarOrPallor',NULL,'UNDER_FIVE_YEARS',5,NULL,'{COMMUNITY}',0,0,true,false),
	 ('Skin rash / Pustules','pncNeonateSigns',NULL,'skinRashOrPustules',NULL,NULL,6,NULL,'{COMMUNITY}',0,0,true,false),
	 ('Stiff neck / Bulging fontanelle','feverSigns',NULL,'stiffNeckOrBulgingFontanelle',NULL,'UNDER_FIVE_YEARS',2,NULL,'{COMMUNITY}',0,0,true,false),
	 ('Swelling of the legs / Hands / Face','ancSigns',NULL,'swellingOfTheLegsOrHandsOrFace',NULL,NULL,13,NULL,'{COMMUNITY}',0,0,true,false),
	 ('Vaginal discharge / Itchiness','ancSigns',NULL,'vaginalDischargeOrItchiness',NULL,NULL,12,NULL,'{COMMUNITY}',0,0,true,false),
	 ('Watery diarrhoea / Dysentery','malnutritionSigns',NULL,'wateryDiarrhoeaOrDysentery',NULL,'UNDER_FIVE_YEARS',3,NULL,'{COMMUNITY}',0,0,true,false),
	 ('Lethargic / Drowsy','pncNeonateSigns',NULL,'lethargicOrDrowsy',NULL,NULL,3,NULL,'{COMMUNITY}',0,0,true,false),
	 ('Rigid / Convulsing','pncNeonateSigns',NULL,'rigidOrConvulsing',NULL,NULL,1,NULL,'{COMMUNITY}',0,0,true,false),
	 ('Toothache / Gum swelling','otherSymptoms',NULL,'toothAcheOrGumSwelling',NULL,NULL,13,NULL,'{COMMUNITY}',0,0,true,false);
INSERT INTO public.symptom (name,"type",disease_type,value,categories,category,display_order,display_values,app_types,created_by,updated_by,is_active,is_deleted) VALUES
	 ('Genital pain / Swelling / Discharge / Bleeding','otherSymptoms',NULL,'genitalPainOrSwellingOrDischargeOrBleeding',NULL,NULL,11,NULL,'{COMMUNITY}',0,0,true,false);

-- systemic_examinations
INSERT INTO public.systemic_examinations ("name",display_order,age_condition,value,"type",display_values,created_by,updated_by) VALUES
	 ('Eye exam',1,NULL,'eyeExam','ABOVE_FIVE_YEARS',NULL,0,0),
	 ('Oral exam',2,NULL,'oralExam','ABOVE_FIVE_YEARS',NULL,0,0);

-- unit
INSERT INTO public.unit ("name","type",description,display_order,created_by,updated_by,app_types,display_values) VALUES
	 ('mg/dL','LABTEST','mg/dL',6,0,0,'{COMMUNITY}',NULL),
	 ('g','PRESCRIPTION','microgram',7,0,0,'{COMMUNITY}',NULL);

INSERT INTO public."user"(
    first_name, last_name, phone_number, username, password, is_blocked, country_code, forget_password_count, invalid_login_attempts, suite_access, is_password_reset_enabled, password_reset_attempts, country_id, timezone_id, created_by, updated_by)
    VALUES ('test', 'user', '8522432431', 'superuser@test.com', '', false, null, 0, 0, Array['admin'], false , 0, null, 1,0,0);

INSERT INTO public.user_role(
    user_id, role_id)
    VALUES (1, 1);

INSERT INTO public."user"(
    first_name, last_name, phone_number, username, password, is_blocked, country_code, forget_password_count, invalid_login_attempts, suite_access, is_password_reset_enabled, password_reset_attempts, country_id, timezone_id, created_by, updated_by)
    VALUES ('test', 'user', '8522432431', 'jobuser@test.com', '', false, null, 0, 0, Array['job'], false , 0, null, 1,0,0);

INSERT INTO public.user_role(
    user_id, role_id)
    VALUES (2, 2);

UPDATE "user" SET password = PGP_SYM_ENCRYPT('3901e08e724bb73a72137e03e2f03d54d70eaeea39f8a7e0459f15d9e80585ffd2159283b8324d72f7ba8c2aa2f0e82e5c1b685d7ef569e2ebad02d71ba4076e', 'Sp!(Ec0rpL@tf*rM$l');

SELECT pg_catalog.setval(pg_get_serial_sequence('user', 'id'), MAX(id)) FROM public.user;
SELECT pg_catalog.setval(pg_get_serial_sequence('country', 'id'), MAX(id)) FROM country;
SELECT pg_catalog.setval(pg_get_serial_sequence('role', 'id'), MAX(id)) FROM role;
SELECT pg_catalog.setval(pg_get_serial_sequence('timezone', 'id'), MAX(id)) FROM timezone;
SELECT pg_catalog.setval(pg_get_serial_sequence('obstetric_examination', 'id'), MAX(id)) FROM obstetric_examination;
SELECT pg_catalog.setval(pg_get_serial_sequence('classification', 'id'), MAX(id)) FROM classification;
SELECT pg_catalog.setval(pg_get_serial_sequence('brand', 'id'), MAX(id)) FROM brand;
SELECT pg_catalog.setval(pg_get_serial_sequence('disease_category', 'id'), MAX(id)) FROM public.disease_category;
SELECT pg_catalog.setval(pg_get_serial_sequence('disease_condition', 'id'), MAX(id)) FROM public.disease_condition;
SELECT pg_catalog.setval(pg_get_serial_sequence('presenting_complaints', 'id'), MAX(id)) FROM public.presenting_complaints;